temporada,numero_episodio,escena,intervencion,emocion
1,1,4,1,Enojado
1,1,4,3,Neutral
1,1,4,4,Alegre
1,1,4,5,Neutral
1,1,4,6,Neutral
1,1,4,7,Neutral
1,1,4,8,Asustado
1,1,4,10,Alegre
1,1,4,11,Alegre
1,1,4,12,Triste
1,1,4,13,Enojado
1,1,4,14,Asustado
1,1,4,15,Neutral
1,1,4,16,Triste
1,1,4,17,Triste
1,1,4,18,Enojado
1,1,4,19,Enojado
1,1,5,1,Enojado
1,1,5,2,Triste
1,1,5,3,Triste
1,1,5,4,Poderoso
1,1,5,5,Alegre
1,1,5,6,Alegre
1,1,5,7,Poderoso
1,1,5,8,Tranquilo
1,1,5,9,Poderoso
1,1,7,1,Triste
1,1,7,2,Enojado
1,1,7,3,Enojado
1,1,7,4,Triste
1,1,7,5,Triste
1,1,7,6,Asustado
1,1,7,7,Poderoso
1,1,7,8,Asustado
1,1,7,9,Enojado
1,1,8,1,Triste
1,1,8,2,Neutral
1,1,8,3,Triste
1,1,8,4,Neutral
1,1,8,5,Asustado
1,1,8,6,Neutral
1,1,8,7,Triste
1,1,8,8,Neutral
1,1,8,9,Triste
1,1,8,10,Neutral
1,1,8,11,Neutral
1,1,8,12,Alegre
1,1,8,13,Neutral
1,1,8,14,Neutral
1,1,10,1,Tranquilo
1,1,10,2,Asustado
1,1,10,3,Alegre
1,1,10,4,Tranquilo
1,1,10,5,Triste
1,1,12,1,Alegre
1,1,12,2,Neutral
1,1,12,3,Neutral
1,1,12,4,Neutral
1,1,12,5,Enojado
1,1,12,6,Neutral
1,1,12,7,Neutral
1,1,12,8,Neutral
1,1,12,9,Neutral
1,1,13,1,Enojado
1,1,13,2,Enojado
1,1,13,3,Neutral
1,1,13,4,Enojado
1,1,13,5,Tranquilo
1,1,13,6,Enojado
1,1,13,7,Tranquilo
1,1,13,8,Triste
1,1,13,9,Alegre
1,1,13,11,Neutral
1,1,13,12,Neutral
1,1,13,13,Enojado
1,1,13,14,Neutral
1,1,13,15,Alegre
1,1,13,16,Neutral
1,1,13,17,Alegre
1,1,13,18,Neutral
1,1,13,19,Neutral
1,1,13,20,Neutral
1,1,13,21,Neutral
1,1,15,1,Neutral
1,1,15,2,Alegre
1,1,15,3,Asustado
1,1,15,4,Alegre
1,1,15,5,Enojado
1,1,15,6,Neutral
1,1,15,7,Enojado
1,1,15,8,Tranquilo
1,1,15,9,Alegre
1,1,15,10,Neutral
1,1,15,11,Tranquilo
1,1,15,12,Asustado
1,1,15,13,Neutral
1,1,15,14,Alegre
1,1,15,15,Tranquilo
1,1,15,16,Asustado
1,1,15,17,Enojado
1,1,15,18,Neutral
1,2,1,1,Alegre
1,2,1,2,Neutral
1,2,1,3,Alegre
1,2,1,4,Poderoso
1,2,1,5,Poderoso
1,2,1,6,Alegre
1,2,1,7,Neutral
1,2,1,8,Enojado
1,2,1,9,Triste
1,2,1,10,Alegre
1,2,2,1,Asustado
1,2,2,2,Triste
1,2,2,3,Asustado
1,2,2,4,Enojado
1,2,2,5,Neutral
1,2,2,6,Enojado
1,2,2,8,Asustado
1,2,2,9,Alegre
1,2,2,10,Asustado
1,2,2,12,Neutral
1,2,2,13,Neutral
1,2,2,14,Asustado
1,2,2,15,Alegre
1,2,2,16,Alegre
1,2,2,17,Neutral
1,2,2,18,Tranquilo
1,2,2,19,Enojado
1,2,2,20,Asustado
1,2,2,21,Neutral
1,2,2,22,Asustado
1,2,6,1,Neutral
1,2,6,3,Neutral
1,2,6,4,Neutral
1,2,6,5,Enojado
1,2,6,6,Neutral
1,2,6,7,Neutral
1,2,6,8,Neutral
1,2,6,9,Neutral
1,2,6,10,Neutral
1,2,6,11,Neutral
1,2,6,12,Neutral
1,2,6,13,Neutral
1,2,6,14,Neutral
1,2,6,15,Alegre
1,2,6,16,Asustado
1,2,7,1,Neutral
1,2,7,2,Neutral
1,2,7,3,Asustado
1,2,7,4,Neutral
1,2,7,5,Asustado
1,2,7,6,Tranquilo
1,2,7,7,Triste
1,2,7,8,Neutral
1,2,7,9,Neutral
1,2,7,10,Neutral
1,2,7,12,Triste
1,2,7,13,Neutral
1,2,8,1,Asustado
1,2,8,2,Enojado
1,2,8,3,Asustado
1,2,8,4,Poderoso
1,2,8,5,Enojado
1,2,8,6,Poderoso
1,2,8,7,Enojado
1,2,8,8,Neutral
1,2,8,9,Asustado
1,2,8,10,Neutral
1,2,8,11,Poderoso
1,2,8,12,Poderoso
1,2,9,1,Neutral
1,2,9,2,Asustado
1,2,9,3,Alegre
1,2,9,4,Asustado
1,2,9,5,Asustado
1,2,9,6,Enojado
1,2,9,7,Neutral
1,2,9,8,Neutral
1,2,9,9,Asustado
1,2,9,10,Enojado
1,2,9,11,Asustado
1,2,9,12,Enojado
1,2,9,13,Enojado
1,2,9,14,Enojado
1,2,9,15,Tranquilo
1,2,9,16,Enojado
1,2,9,17,Neutral
1,2,9,18,Asustado
1,2,9,19,Alegre
1,2,9,20,Asustado
1,2,9,21,Triste
1,2,9,22,Triste
1,2,9,23,Triste
1,2,9,25,Asustado
1,2,10,1,Enojado
1,2,10,2,Enojado
1,2,10,3,Poderoso
1,2,10,4,Poderoso
1,2,10,5,Poderoso
1,2,10,6,Enojado
1,2,10,7,Neutral
1,2,10,8,Enojado
1,2,10,9,Poderoso
1,2,10,10,Enojado
1,2,10,11,Enojado
1,2,10,12,Enojado
1,2,10,13,Enojado
1,2,10,14,Neutral
1,2,10,15,Poderoso
1,2,10,16,Enojado
1,2,10,17,Enojado
1,2,10,18,Neutral
1,2,10,19,Neutral
1,2,10,20,Neutral
1,2,10,21,Triste
1,2,10,23,Alegre
1,2,10,24,Alegre
1,2,10,25,Alegre
1,2,11,1,Alegre
1,2,11,2,Neutral
1,2,11,3,Alegre
1,2,11,4,Alegre
1,2,11,5,Enojado
1,2,11,6,Neutral
1,2,11,7,Neutral
1,2,11,8,Triste
1,2,11,9,Neutral
1,2,11,10,Neutral
1,2,11,11,Poderoso
1,2,11,12,Enojado
1,2,11,13,Alegre
1,2,11,14,Alegre
1,2,11,15,Enojado
1,3,1,1,Alegre
1,3,1,2,Alegre
1,3,1,3,Alegre
1,3,1,4,Triste
1,3,1,5,Triste
1,3,1,6,Neutral
1,3,1,7,Neutral
1,3,1,8,Neutral
1,3,1,9,Neutral
1,3,1,10,Neutral
1,3,1,11,Enojado
1,3,1,12,Neutral
1,3,1,13,Neutral
1,3,1,14,Neutral
1,3,1,15,Neutral
1,3,1,16,Neutral
1,3,1,17,Asustado
1,3,2,1,Neutral
1,3,2,2,Tranquilo
1,3,2,3,Alegre
1,3,2,4,Poderoso
1,3,2,5,Neutral
1,3,2,6,Neutral
1,3,2,7,Neutral
1,3,2,9,Neutral
1,3,2,10,Asustado
1,3,2,11,Poderoso
1,3,2,13,Poderoso
1,3,2,14,Asustado
1,3,2,15,Poderoso
1,3,2,16,Poderoso
1,3,2,17,Neutral
1,3,2,19,Neutral
1,3,2,20,Neutral
1,3,2,21,Poderoso
1,3,2,23,Poderoso
1,3,2,24,Neutral
1,3,2,25,Asustado
1,3,6,1,Neutral
1,3,6,2,Neutral
1,3,6,3,Alegre
1,3,6,4,Alegre
1,3,6,5,Neutral
1,3,6,6,Alegre
1,3,6,7,Triste
1,3,6,8,Alegre
1,3,6,9,Asustado
1,3,6,10,Neutral
1,3,6,11,Neutral
1,3,6,12,Enojado
1,3,6,13,Alegre
1,3,6,14,Alegre
1,3,7,1,Neutral
1,3,7,2,Neutral
1,3,7,3,Neutral
1,3,7,4,Neutral
1,3,7,5,Neutral
1,3,7,6,Neutral
1,3,7,7,Neutral
1,3,7,8,Alegre
1,3,7,9,Neutral
1,3,7,10,Neutral
1,3,7,11,Neutral
1,3,7,12,Neutral
1,3,7,13,Neutral
1,3,7,14,Alegre
1,3,7,15,Neutral
1,3,7,16,Neutral
1,3,7,17,Neutral
1,3,7,18,Neutral
1,3,7,19,Neutral
1,3,9,1,Neutral
1,3,9,3,Asustado
1,3,9,4,Enojado
1,3,9,5,Neutral
1,3,9,6,Neutral
1,3,9,7,Asustado
1,3,9,9,Asustado
1,3,9,10,Asustado
1,3,9,11,Neutral
1,3,9,12,Neutral
1,3,9,13,Asustado
1,3,9,15,Triste
1,3,9,16,Neutral
1,3,9,17,Neutral
1,3,9,19,Alegre
1,3,9,20,Alegre
1,3,9,22,Neutral
1,3,9,23,Neutral
1,3,9,24,Neutral
1,3,9,25,Enojado
1,3,10,1,Neutral
1,3,10,2,Neutral
1,3,10,3,Tranquilo
1,3,10,4,Alegre
1,3,10,5,Asustado
1,3,10,6,Poderoso
1,3,10,7,Triste
1,3,10,8,Poderoso
1,3,10,9,Triste
1,3,11,1,Neutral
1,3,11,2,Enojado
1,3,11,3,Enojado
1,3,11,4,Neutral
1,3,11,5,Alegre
1,3,11,6,Tranquilo
1,3,11,7,Triste
1,3,11,8,Neutral
1,3,13,1,Alegre
1,3,13,2,Triste
1,3,13,3,Tranquilo
1,3,13,4,Neutral
1,3,13,5,Enojado
1,3,14,1,Tranquilo
1,3,14,2,Poderoso
1,3,14,3,Neutral
1,3,14,4,Tranquilo
1,3,14,5,Neutral
1,3,14,6,Triste
1,3,14,7,Asustado
1,3,14,8,Triste
1,3,14,9,Tranquilo
1,3,14,10,Poderoso
1,3,14,11,Enojado
1,3,14,12,Asustado
1,3,14,13,Poderoso
1,3,14,14,Neutral
1,4,1,1,Neutral
1,4,1,2,Alegre
1,4,1,3,Alegre
1,4,1,4,Alegre
1,4,1,5,Alegre
1,4,1,6,Alegre
1,4,1,7,Neutral
1,4,1,8,Neutral
1,4,1,9,Neutral
1,4,1,10,Triste
1,4,1,11,Neutral
1,4,1,12,Triste
1,4,3,1,Alegre
1,4,3,2,Alegre
1,4,3,3,Neutral
1,4,3,4,Neutral
1,4,3,6,Neutral
1,4,3,7,Neutral
1,4,3,8,Alegre
1,4,3,9,Neutral
1,4,3,10,Alegre
1,4,3,11,Alegre
1,4,3,12,Alegre
1,4,3,13,Neutral
1,4,3,14,Alegre
1,4,4,1,Alegre
1,4,4,2,Alegre
1,4,4,3,Neutral
1,4,4,4,Neutral
1,4,4,5,Neutral
1,4,4,6,Enojado
1,4,4,7,Neutral
1,4,4,8,Enojado
1,4,4,9,Neutral
1,4,4,10,Neutral
1,4,4,11,Neutral
1,4,5,1,Alegre
1,4,5,2,Neutral
1,4,5,3,Neutral
1,4,5,4,Neutral
1,4,5,5,Alegre
1,4,5,6,Alegre
1,4,5,7,Neutral
1,4,5,8,Asustado
1,4,5,9,Neutral
1,4,5,10,Asustado
1,4,5,11,Alegre
1,4,5,12,Enojado
1,4,5,13,Neutral
1,4,5,14,Triste
1,4,7,1,Alegre
1,4,7,2,Triste
1,4,7,3,Neutral
1,4,7,4,Neutral
1,4,7,5,Neutral
1,4,7,6,Neutral
1,4,7,7,Alegre
1,4,7,8,Neutral
1,4,7,9,Neutral
1,4,7,10,Neutral
1,4,7,11,Neutral
1,4,7,12,Neutral
1,4,7,13,Neutral
1,4,7,14,Neutral
1,4,7,15,Asustado
1,4,7,16,Neutral
1,4,7,17,Neutral
1,4,7,18,Neutral
1,4,8,1,Enojado
1,4,8,2,Neutral
1,4,8,3,Poderoso
1,4,8,4,Alegre
1,4,8,5,Alegre
1,4,8,7,Alegre
1,4,9,1,Neutral
1,4,9,2,Enojado
1,4,9,3,Enojado
1,4,9,4,Enojado
1,4,9,5,Enojado
1,4,9,6,Enojado
1,4,9,7,Neutral
1,4,9,8,Enojado
1,4,9,9,Enojado
1,4,12,1,Neutral
1,4,12,2,Neutral
1,4,12,3,Neutral
1,4,12,4,Alegre
1,4,12,5,Enojado
1,4,12,6,Neutral
1,4,12,7,Neutral
1,4,12,8,Neutral
1,4,12,9,Neutral
1,4,13,1,Tranquilo
1,4,13,2,Enojado
1,4,13,3,Neutral
1,4,13,4,Asustado
1,4,13,5,Alegre
1,4,13,6,Enojado
1,4,13,7,Neutral
1,4,13,8,Asustado
1,4,13,9,Neutral
1,4,13,10,Triste
1,4,13,11,Neutral
1,4,13,12,Neutral
1,4,13,13,Alegre
1,4,14,1,Alegre
1,4,14,2,Neutral
1,4,14,3,Alegre
1,4,14,4,Enojado
1,4,14,5,Enojado
1,4,14,6,Neutral
1,4,14,7,Neutral
1,4,14,8,Neutral
1,4,14,9,Enojado
1,4,14,10,Poderoso
1,4,14,11,Enojado
1,4,14,12,Alegre
1,4,14,13,Enojado
1,4,14,14,Enojado
1,4,14,15,Alegre
1,4,14,16,Neutral
1,4,14,17,Alegre
1,4,14,18,Alegre
1,4,14,19,Alegre
1,4,14,20,Alegre
1,4,15,1,Alegre
1,4,15,2,Neutral
1,4,15,3,Asustado
1,4,15,4,Poderoso
1,4,15,5,Neutral
1,4,15,6,Enojado
1,4,15,7,Alegre
1,4,15,8,Alegre
1,4,15,9,Enojado
1,4,15,10,Neutral
1,4,15,11,Enojado
1,4,15,12,Poderoso
1,4,15,13,Poderoso
1,4,15,14,Poderoso
1,4,15,15,Poderoso
1,4,15,16,Enojado
1,4,15,17,Enojado
1,4,15,18,Enojado
1,4,15,19,Enojado
1,4,15,20,Alegre
1,4,16,1,Alegre
1,4,16,2,Alegre
1,4,16,4,Neutral
1,4,16,5,Alegre
1,4,16,7,Neutral
1,4,16,8,Neutral
1,4,16,9,Neutral
1,4,16,10,Neutral
1,4,16,11,Neutral
1,4,16,12,Neutral
1,4,16,13,Alegre
1,4,16,14,Neutral
1,5,1,1,Enojado
1,5,1,2,Enojado
1,5,1,3,Enojado
1,5,1,4,Tranquilo
1,5,1,5,Neutral
1,5,1,6,Enojado
1,5,1,8,Neutral
1,5,3,1,Alegre
1,5,3,2,Enojado
1,5,3,3,Alegre
1,5,3,4,Asustado
1,5,3,5,Neutral
1,5,3,6,Enojado
1,5,3,7,Triste
1,5,3,8,Neutral
1,5,3,9,Triste
1,5,4,1,Neutral
1,5,4,2,Neutral
1,5,4,3,Neutral
1,5,4,4,Alegre
1,5,4,5,Neutral
1,5,4,6,Neutral
1,5,4,7,Asustado
1,5,4,8,Alegre
1,5,4,9,Neutral
1,5,4,10,Neutral
1,5,4,11,Tranquilo
1,5,4,12,Tranquilo
1,5,5,1,Alegre
1,5,5,2,Neutral
1,5,5,3,Neutral
1,5,5,4,Neutral
1,5,5,5,Enojado
1,5,5,6,Neutral
1,5,5,7,Asustado
1,5,5,9,Neutral
1,5,5,10,Triste
1,5,6,1,Asustado
1,5,6,2,Alegre
1,5,6,3,Alegre
1,5,6,4,Enojado
1,5,6,6,Neutral
1,5,6,7,Neutral
1,5,6,8,Neutral
1,5,6,9,Triste
1,5,6,10,Neutral
1,5,6,11,Neutral
1,5,6,13,Neutral
1,5,6,14,Neutral
1,5,6,15,Neutral
1,5,6,16,Neutral
1,5,6,17,Alegre
1,5,6,18,Neutral
1,5,6,19,Alegre
1,5,6,21,Neutral
1,5,6,22,Neutral
1,5,6,24,Neutral
1,5,6,25,Neutral
1,5,6,26,Neutral
1,5,6,27,Neutral
1,5,8,1,Alegre
1,5,8,2,Neutral
1,5,8,3,Neutral
1,5,8,4,Neutral
1,5,8,5,Asustado
1,5,8,6,Neutral
1,5,8,7,Asustado
1,5,9,1,Alegre
1,5,9,2,Alegre
1,5,9,3,Alegre
1,5,9,4,Neutral
1,5,9,5,Alegre
1,5,9,6,Alegre
1,5,9,7,Alegre
1,5,10,1,Alegre
1,5,10,2,Neutral
1,5,10,3,Alegre
1,5,10,4,Alegre
1,5,10,5,Alegre
1,5,10,6,Neutral
1,5,12,1,Poderoso
1,5,12,2,Asustado
1,5,12,3,Asustado
1,5,12,4,Asustado
1,5,12,5,Asustado
1,5,12,6,Enojado
1,5,12,7,Asustado
1,5,12,8,Triste
1,5,12,9,Triste
1,5,12,10,Triste
1,5,12,11,Triste
1,5,13,1,Asustado
1,5,13,3,Asustado
1,5,13,4,Neutral
1,5,13,5,Neutral
1,5,13,6,Neutral
1,5,13,7,Poderoso
1,5,13,8,Tranquilo
1,5,13,9,Triste
1,5,13,10,Neutral
1,5,13,11,Enojado
1,5,13,12,Neutral
1,5,13,13,Neutral
1,5,13,14,Alegre
1,5,13,15,Neutral
1,5,13,16,Neutral
1,5,13,17,Neutral
1,5,13,18,Tranquilo
1,5,13,20,Asustado
1,5,13,22,Neutral
1,5,14,1,Alegre
1,5,14,2,Triste
1,5,14,3,Asustado
1,5,14,4,Enojado
1,5,14,6,Alegre
1,5,14,7,Asustado
1,5,14,8,Asustado
1,5,14,9,Alegre
1,5,14,10,Neutral
1,5,14,11,Neutral
1,5,14,13,Asustado
1,5,14,14,Neutral
1,5,14,16,Asustado
1,5,14,17,Alegre
1,5,14,18,Alegre
1,5,14,19,Alegre
1,5,15,1,Neutral
1,5,15,2,Neutral
1,5,15,4,Enojado
1,5,15,5,Enojado
1,5,15,7,Enojado
1,5,15,8,Enojado
1,5,15,9,Enojado
1,5,15,10,Enojado
1,5,15,12,Enojado
1,5,15,14,Alegre
1,5,15,15,Alegre
1,5,15,16,Alegre
1,5,15,18,Tranquilo
1,5,15,19,Neutral
1,5,15,20,Enojado
1,5,16,1,Neutral
1,5,16,2,Neutral
1,5,16,3,Asustado
1,5,16,4,Alegre
1,5,16,5,Alegre
1,5,16,7,Neutral
1,5,16,8,Neutral
1,5,16,9,Alegre
1,5,16,10,Neutral
1,5,16,11,Enojado
1,5,16,12,Triste
1,5,16,13,Neutral
1,5,16,14,Neutral
1,5,16,16,Alegre
1,5,16,17,Neutral
1,6,1,1,Alegre
1,6,1,2,Neutral
1,6,1,3,Alegre
1,6,1,5,Tranquilo
1,6,1,7,Neutral
1,6,1,8,Alegre
1,6,5,1,Neutral
1,6,5,3,Neutral
1,6,5,4,Neutral
1,6,5,5,Alegre
1,6,5,6,Asustado
1,6,5,7,Alegre
1,6,5,9,Neutral
1,6,5,10,Alegre
1,6,5,11,Asustado
1,6,5,12,Neutral
1,6,5,14,Enojado
1,6,5,15,Neutral
1,6,5,16,Neutral
1,6,5,17,Neutral
1,6,5,18,Neutral
1,6,5,19,Neutral
1,6,5,20,Neutral
1,6,6,1,Poderoso
1,6,6,2,Asustado
1,6,6,3,Poderoso
1,6,6,4,Asustado
1,6,6,5,Poderoso
1,6,6,6,Asustado
1,6,6,7,Poderoso
1,6,6,9,Enojado
1,6,6,10,Asustado
1,6,6,11,Enojado
1,6,6,12,Asustado
1,6,6,13,Enojado
1,6,6,14,Enojado
1,7,3,1,Alegre
1,7,3,2,Asustado
1,7,3,3,Alegre
1,7,3,4,Enojado
1,7,3,5,Asustado
1,7,3,7,Neutral
1,7,4,1,Alegre
1,7,4,2,Neutral
1,7,4,3,Asustado
1,7,4,4,Neutral
1,7,4,5,Neutral
1,7,4,6,Neutral
1,7,4,7,Alegre
1,7,5,1,Neutral
1,7,5,2,Neutral
1,7,5,3,Alegre
1,7,5,4,Enojado
1,7,5,6,Triste
1,7,6,1,Alegre
1,7,6,3,Alegre
1,7,6,5,Asustado
1,7,6,6,Alegre
1,7,6,7,Alegre
1,7,7,1,Neutral
1,7,7,2,Neutral
1,7,7,3,Asustado
1,7,7,4,Triste
1,7,7,5,Asustado
1,7,7,6,Asustado
1,7,7,7,Asustado
1,7,7,8,Enojado
1,7,7,9,Neutral
1,7,7,10,Asustado
1,7,7,11,Alegre
1,7,7,12,Tranquilo
1,7,11,1,Alegre
1,7,11,2,Alegre
1,7,11,3,Neutral
1,7,11,4,Neutral
1,7,11,5,Alegre
1,7,11,6,Neutral
1,7,11,7,Tranquilo
1,7,11,8,Asustado
1,7,11,10,Poderoso
1,7,12,1,Tranquilo
1,7,12,3,Neutral
1,7,12,4,Asustado
1,7,12,5,Neutral
1,7,12,6,Asustado
1,7,12,7,Neutral
1,7,14,1,Asustado
1,7,14,2,Poderoso
1,7,14,3,Enojado
1,7,14,4,Enojado
1,7,14,5,Enojado
1,7,14,6,Enojado
1,7,14,7,Asustado
1,7,14,8,Poderoso
1,7,14,9,Tranquilo
1,7,14,10,Enojado
1,7,14,11,Enojado
1,7,16,1,Alegre
1,7,16,2,Alegre
1,7,16,3,Alegre
1,7,16,4,Alegre
1,7,16,5,Alegre
1,7,16,6,Alegre
1,7,16,7,Alegre
1,7,16,9,Neutral
1,7,16,10,Alegre
1,7,16,11,Alegre
1,7,16,12,Alegre
1,7,16,13,Alegre
1,7,16,14,Alegre
1,7,16,15,Triste
1,7,16,16,Alegre
1,7,16,18,Poderoso
1,7,16,19,Neutral
1,7,16,20,Neutral
1,7,16,21,Neutral
1,7,16,23,Alegre
1,7,17,1,Tranquilo
1,7,17,3,Alegre
1,7,17,4,Asustado
1,7,17,6,Asustado
1,7,17,8,Poderoso
1,7,17,9,Neutral
1,7,17,10,Neutral
1,7,20,1,Asustado
1,7,20,2,Neutral
1,7,20,3,Alegre
1,7,20,4,Asustado
1,7,20,5,Alegre
1,7,20,7,Alegre
1,7,20,9,Alegre
1,7,20,10,Alegre
1,8,1,1,Alegre
1,8,1,2,Alegre
1,8,1,3,Triste
1,8,1,4,Poderoso
1,8,1,5,Alegre
1,8,1,6,Tranquilo
1,8,1,7,Enojado
1,8,1,8,Asustado
1,8,2,1,Enojado
1,8,2,2,Neutral
1,8,2,3,Neutral
1,8,2,4,Enojado
1,8,2,5,Neutral
1,8,2,6,Neutral
1,8,2,7,Neutral
1,8,2,8,Neutral
1,8,2,9,Asustado
1,8,2,10,Neutral
1,8,2,11,Neutral
1,8,2,13,Neutral
1,8,2,14,Tranquilo
1,8,2,15,Neutral
1,8,2,16,Neutral
1,8,2,17,Enojado
1,8,2,18,Neutral
1,8,2,19,Tranquilo
1,8,2,20,Enojado
1,8,2,22,Neutral
1,8,2,23,Neutral
1,8,2,24,Neutral
1,8,2,25,Neutral
1,8,2,26,Neutral
1,8,4,1,Neutral
1,8,4,2,Enojado
1,8,4,3,Neutral
1,8,4,5,Neutral
1,8,4,6,Neutral
1,8,4,7,Neutral
1,8,4,8,Triste
1,8,4,9,Neutral
1,8,4,10,Neutral
1,8,4,11,Neutral
1,8,4,12,Neutral
1,8,4,13,Neutral
1,8,4,14,Triste
1,8,4,15,Tranquilo
1,8,4,16,Alegre
1,8,4,17,Neutral
1,8,4,18,Neutral
1,8,4,19,Neutral
1,8,5,1,Neutral
1,8,5,2,Alegre
1,8,5,4,Neutral
1,8,5,5,Enojado
1,8,5,7,Alegre
1,8,6,1,Neutral
1,8,6,2,Asustado
1,8,6,3,Neutral
1,8,6,4,Asustado
1,8,6,5,Alegre
1,8,6,6,Neutral
1,8,6,7,Alegre
1,8,6,8,Asustado
1,8,6,9,Alegre
1,8,6,10,Neutral
1,8,6,11,Neutral
1,8,7,1,Alegre
1,8,7,2,Neutral
1,8,7,3,Alegre
1,8,7,4,Alegre
1,8,7,5,Neutral
1,8,7,6,Neutral
1,8,7,7,Alegre
1,8,7,8,Neutral
1,8,7,9,Neutral
1,8,7,10,Alegre
1,8,7,11,Alegre
1,8,7,12,Neutral
1,8,7,13,Neutral
1,8,7,14,Neutral
1,8,7,15,Neutral
1,8,8,1,Neutral
1,8,8,2,Neutral
1,8,8,3,Alegre
1,8,8,4,Alegre
1,8,8,5,Neutral
1,8,8,6,Poderoso
1,8,8,7,Poderoso
1,8,8,9,Asustado
1,8,8,10,Neutral
1,8,8,11,Neutral
1,8,8,12,Neutral
1,8,8,13,Neutral
1,8,8,14,Alegre
1,8,8,15,Neutral
1,8,8,16,Neutral
1,8,8,18,Enojado
1,8,8,19,Asustado
1,8,8,20,Neutral
1,8,9,1,Alegre
1,8,9,2,Enojado
1,8,9,3,Neutral
1,8,9,4,Neutral
1,8,9,5,Asustado
1,8,9,6,Neutral
1,8,9,7,Neutral
1,8,9,8,Neutral
1,8,9,9,Poderoso
1,8,9,10,Poderoso
1,8,9,11,Tranquilo
1,8,9,12,Neutral
1,8,10,1,Alegre
1,8,10,2,Neutral
1,8,10,4,Neutral
1,8,10,5,Neutral
1,8,10,6,Neutral
1,8,10,7,Neutral
1,8,10,8,Neutral
1,8,10,9,Asustado
1,8,10,11,Enojado
1,8,10,12,Neutral
1,8,10,13,Alegre
1,8,10,14,Triste
1,8,10,15,Enojado
1,8,10,16,Neutral
1,8,12,1,Asustado
1,8,12,2,Enojado
1,8,12,3,Alegre
1,8,12,4,Alegre
1,8,12,5,Asustado
1,8,12,6,Neutral
1,8,12,7,Alegre
1,8,12,8,Asustado
1,8,12,9,Neutral
1,8,12,10,Alegre
1,8,12,11,Alegre
1,8,12,12,Enojado
1,8,13,1,Neutral
1,8,13,2,Neutral
1,8,13,3,Neutral
1,8,13,4,Neutral
1,8,13,5,Neutral
1,8,13,6,Neutral
1,8,13,7,Neutral
1,8,13,8,Neutral
1,8,13,9,Neutral
1,8,13,10,Neutral
1,8,13,11,Neutral
1,8,13,12,Neutral
1,8,13,13,Neutral
1,8,13,14,Neutral
1,8,13,15,Enojado
1,9,1,1,Tranquilo
1,9,1,2,Neutral
1,9,1,3,Neutral
1,9,1,4,Enojado
1,9,1,5,Poderoso
1,9,3,1,Neutral
1,9,3,2,Neutral
1,9,3,3,Neutral
1,9,3,4,Neutral
1,9,3,5,Neutral
1,9,3,6,Neutral
1,9,3,7,Neutral
1,9,3,8,Neutral
1,9,3,9,Alegre
1,9,3,10,Alegre
1,9,3,11,Neutral
1,9,3,12,Asustado
1,9,3,13,Neutral
1,9,3,14,Asustado
1,9,3,15,Neutral
1,9,3,16,Neutral
1,9,3,17,Neutral
1,9,3,18,Neutral
1,9,3,19,Neutral
1,9,4,1,Neutral
1,9,4,2,Neutral
1,9,4,3,Alegre
1,9,4,5,Neutral
1,9,4,6,Triste
1,9,4,7,Neutral
1,9,4,8,Neutral
1,9,4,9,Poderoso
1,9,4,10,Neutral
1,9,4,11,Poderoso
1,9,4,13,Alegre
1,9,4,14,Alegre
1,9,4,15,Neutral
1,9,4,16,Neutral
1,9,4,17,Alegre
1,9,4,18,Neutral
1,9,4,19,Neutral
1,9,4,20,Neutral
1,9,4,21,Enojado
1,9,4,22,Triste
1,9,4,23,Triste
1,9,4,24,Triste
1,9,5,1,Asustado
1,9,5,2,Asustado
1,9,5,3,Neutral
1,9,5,4,Tranquilo
1,9,5,5,Alegre
1,9,5,6,Enojado
1,9,5,7,Alegre
1,9,5,8,Poderoso
1,9,5,9,Poderoso
1,9,5,10,Alegre
1,9,5,11,Alegre
1,9,5,12,Neutral
1,9,5,13,Asustado
1,9,5,14,Asustado
1,9,5,15,Asustado
1,9,5,16,Enojado
1,9,5,17,Enojado
1,9,9,1,Neutral
1,9,9,2,Alegre
1,9,9,3,Neutral
1,9,9,4,Asustado
1,9,9,5,Poderoso
1,9,9,6,Neutral
1,9,10,1,Alegre
1,9,10,2,Enojado
1,9,10,3,Neutral
1,9,10,4,Neutral
1,9,10,5,Neutral
1,9,10,6,Neutral
1,9,10,7,Enojado
1,9,10,8,Enojado
1,9,10,9,Neutral
1,9,10,10,Asustado
1,9,10,11,Asustado
1,9,10,12,Asustado
1,9,10,13,Enojado
1,9,10,14,Neutral
1,9,10,15,Enojado
1,9,10,16,Neutral
1,9,11,1,Neutral
1,9,11,2,Neutral
1,9,11,3,Neutral
1,9,11,5,Neutral
1,9,11,6,Alegre
1,9,11,7,Neutral
1,9,11,8,Neutral
1,9,11,9,Alegre
1,9,11,10,Alegre
1,9,11,11,Alegre
1,9,11,12,Alegre
1,9,11,13,Alegre
1,10,1,1,Neutral
1,10,1,3,Alegre
1,10,1,4,Asustado
1,10,1,5,Alegre
1,10,1,6,Asustado
1,10,1,7,Alegre
1,10,1,8,Neutral
1,10,1,9,Neutral
1,10,1,10,Alegre
1,10,1,11,Neutral
1,10,1,12,Neutral
1,10,1,13,Neutral
1,10,1,14,Triste
1,10,4,1,Poderoso
1,10,4,2,Neutral
1,10,4,3,Neutral
1,10,4,4,Neutral
1,10,4,5,Alegre
1,10,4,6,Neutral
1,10,4,7,Asustado
1,10,4,8,Alegre
1,10,4,9,Neutral
1,10,4,10,Alegre
1,10,4,11,Asustado
1,10,4,12,Poderoso
1,10,4,13,Neutral
1,10,4,14,Neutral
1,10,4,15,Alegre
1,10,4,16,Alegre
1,10,6,1,Asustado
1,10,6,2,Alegre
1,10,6,3,Neutral
1,10,6,4,Alegre
1,10,6,5,Alegre
1,10,6,6,Triste
1,10,6,7,Alegre
1,10,6,8,Enojado
1,10,6,9,Tranquilo
1,10,6,10,Neutral
1,10,6,11,Neutral
1,10,6,12,Asustado
1,10,6,13,Neutral
1,10,6,14,Neutral
1,10,6,15,Neutral
1,10,6,16,Neutral
1,10,6,17,Asustado
1,10,6,18,Neutral
1,10,6,19,Neutral
1,10,6,20,Neutral
1,10,6,21,Neutral
1,10,6,22,Neutral
1,10,6,24,Alegre
1,10,6,25,Tranquilo
1,11,1,1,Neutral
1,11,1,2,Neutral
1,11,1,3,Tranquilo
1,11,1,4,Alegre
1,11,1,5,Alegre
1,11,1,6,Asustado
1,11,1,8,Neutral
1,11,1,9,Alegre
1,11,1,11,Alegre
1,11,1,12,Enojado
1,11,1,13,Alegre
1,11,1,14,Enojado
1,11,1,15,Poderoso
1,11,1,16,Enojado
1,11,1,17,Alegre
1,11,1,18,Alegre
1,11,1,20,Alegre
1,11,2,1,Alegre
1,11,2,2,Poderoso
1,11,2,3,Neutral
1,11,2,4,Neutral
1,11,2,5,Neutral
1,11,2,6,Neutral
1,11,2,7,Neutral
1,11,2,8,Alegre
1,11,2,9,Neutral
1,11,2,10,Neutral
1,11,4,1,Enojado
1,11,4,3,Neutral
1,11,4,4,Enojado
1,11,4,5,Alegre
1,11,4,6,Alegre
1,11,7,1,Neutral
1,11,7,2,Neutral
1,11,7,3,Neutral
1,11,7,4,Neutral
1,11,7,5,Neutral
1,11,7,6,Neutral
1,11,7,7,Neutral
1,11,7,8,Poderoso
1,11,8,1,Asustado
1,11,8,2,Poderoso
1,11,8,3,Enojado
1,11,8,4,Asustado
1,11,8,5,Enojado
1,11,8,6,Asustado
1,11,8,7,Enojado
1,11,8,8,Tranquilo
1,11,8,9,Enojado
1,11,8,10,Neutral
1,11,8,11,Enojado
1,11,8,12,Enojado
1,11,8,13,Asustado
1,11,8,14,Enojado
1,11,8,15,Triste
1,11,8,16,Enojado
1,11,8,17,Triste
1,11,8,18,Enojado
1,11,8,19,Enojado
1,11,8,20,Triste
1,11,8,21,Triste
1,11,8,22,Enojado
1,11,8,23,Asustado
1,11,8,24,Triste
1,11,8,25,Enojado
1,11,12,1,Neutral
1,11,12,2,Neutral
1,11,12,3,Alegre
1,11,12,4,Triste
1,11,12,5,Alegre
1,11,12,6,Enojado
1,11,12,7,Triste
1,12,2,1,Enojado
1,12,2,3,Neutral
1,12,2,4,Alegre
1,12,2,5,Alegre
1,12,2,6,Neutral
1,12,2,7,Triste
1,12,2,8,Enojado
1,12,2,10,Alegre
1,12,2,11,Alegre
1,12,2,12,Alegre
1,12,2,14,Alegre
1,12,2,15,Alegre
1,12,2,16,Neutral
1,12,2,18,Neutral
1,12,2,19,Alegre
1,12,2,20,Alegre
1,12,2,21,Alegre
1,12,2,22,Alegre
1,12,2,24,Alegre
1,12,2,25,Enojado
1,12,2,27,Alegre
1,12,2,29,Enojado
1,12,5,1,Enojado
1,12,5,2,Poderoso
1,12,5,3,Enojado
1,12,5,4,Asustado
1,12,5,5,Enojado
1,12,5,6,Asustado
1,12,5,7,Neutral
1,12,5,8,Asustado
1,12,5,9,Neutral
1,12,5,10,Neutral
1,12,5,11,Asustado
1,12,5,12,Neutral
1,12,5,13,Neutral
1,12,5,14,Asustado
1,12,5,15,Neutral
1,12,5,16,Asustado
1,12,5,17,Triste
1,12,5,18,Poderoso
1,12,5,19,Triste
1,12,5,20,Asustado
1,12,5,21,Triste
1,12,6,1,Neutral
1,12,6,2,Neutral
1,12,6,3,Neutral
1,12,6,4,Neutral
1,12,6,5,Neutral
1,12,6,6,Neutral
1,12,6,7,Neutral
1,12,6,9,Neutral
1,12,6,10,Asustado
1,12,6,11,Neutral
1,12,7,1,Poderoso
1,12,7,2,Neutral
1,12,7,3,Alegre
1,12,7,4,Neutral
1,12,7,5,Neutral
1,12,7,6,Alegre
1,12,7,7,Alegre
1,12,7,8,Neutral
1,12,7,10,Alegre
1,12,7,11,Alegre
1,12,7,12,Alegre
1,12,7,13,Neutral
1,12,7,14,Neutral
1,12,7,15,Triste
1,12,7,16,Neutral
1,12,7,17,Neutral
1,12,7,18,Neutral
1,12,7,19,Neutral
1,12,7,20,Neutral
1,12,7,21,Neutral
1,12,7,22,Neutral
1,12,7,23,Asustado
1,12,7,25,Alegre
1,12,7,26,Alegre
1,12,8,1,Neutral
1,12,8,2,Asustado
1,12,8,4,Alegre
1,12,8,5,Asustado
1,12,8,6,Neutral
1,12,8,9,Asustado
1,12,8,10,Enojado
1,12,8,11,Tranquilo
1,12,8,12,Alegre
1,12,8,14,Neutral
1,12,8,15,Neutral
1,12,8,16,Alegre
1,12,8,17,Alegre
1,12,8,19,Alegre
1,12,8,21,Neutral
1,12,8,22,Poderoso
1,12,8,23,Neutral
1,12,8,24,Poderoso
1,12,8,25,Asustado
1,12,8,26,Neutral
1,12,9,1,Alegre
1,12,9,2,Alegre
1,12,9,3,Alegre
1,12,9,4,Tranquilo
1,12,9,5,Neutral
1,12,9,6,Neutral
1,12,9,7,Tranquilo
1,12,9,8,Enojado
1,12,9,9,Enojado
1,12,9,10,Enojado
1,12,10,1,Alegre
1,12,10,2,Alegre
1,12,10,3,Neutral
1,12,10,4,Neutral
1,12,10,5,Neutral
1,12,10,6,Neutral
1,12,10,7,Asustado
1,12,10,8,Triste
1,12,10,9,Triste
1,12,10,10,Alegre
1,12,10,11,Alegre
1,12,10,12,Alegre
1,12,10,13,Neutral
1,12,10,14,Neutral
1,12,10,15,Triste
1,12,11,1,Neutral
1,12,11,2,Alegre
1,12,11,3,Alegre
1,12,11,5,Neutral
1,12,11,6,Alegre
1,12,11,7,Alegre
1,12,12,1,Neutral
1,12,12,2,Neutral
1,12,12,3,Alegre
1,12,12,4,Triste
1,12,12,5,Triste
1,12,12,7,Triste
1,12,12,8,Triste
1,12,12,9,Neutral
1,12,12,10,Enojado
1,12,12,11,Enojado
1,12,12,12,Enojado
1,12,12,13,Enojado
1,12,12,14,Enojado
1,12,12,15,Enojado
1,12,12,16,Enojado
1,12,12,17,Alegre
1,12,12,18,Triste
1,12,12,19,Neutral
1,12,12,20,Triste
1,12,12,21,Neutral
1,12,12,22,Triste
1,12,12,23,Neutral
1,12,12,24,Triste
1,12,13,1,Neutral
1,12,13,2,Alegre
1,12,13,3,Alegre
1,12,13,4,Tranquilo
1,12,13,5,Neutral
1,12,13,6,Enojado
1,12,13,7,Asustado
1,12,13,8,Poderoso
1,12,13,9,Poderoso
1,12,15,1,Alegre
1,12,15,2,Alegre
1,12,15,3,Alegre
1,12,15,4,Alegre
1,12,15,5,Enojado
1,12,15,6,Poderoso
1,12,15,7,Neutral
1,12,15,8,Alegre
1,13,1,1,Enojado
1,13,1,2,Triste
1,13,1,3,Enojado
1,13,1,4,Neutral
1,13,1,5,Enojado
1,13,1,6,Asustado
1,13,1,7,Enojado
1,13,1,8,Neutral
1,13,1,9,Enojado
1,13,3,1,Triste
1,13,3,2,Neutral
1,13,3,4,Neutral
1,13,3,5,Neutral
1,13,3,6,Neutral
1,13,3,7,Neutral
1,13,3,8,Neutral
1,13,3,9,Neutral
1,13,3,10,Neutral
1,13,3,11,Enojado
1,13,3,12,Asustado
1,13,3,13,Asustado
1,13,3,14,Enojado
1,13,5,1,Neutral
1,13,5,3,Alegre
1,13,5,4,Alegre
1,13,5,5,Neutral
1,13,5,6,Tranquilo
1,13,5,7,Alegre
1,13,5,8,Alegre
1,13,7,1,Neutral
1,13,7,2,Neutral
1,13,7,3,Neutral
1,13,7,4,Alegre
1,13,7,5,Neutral
1,13,7,6,Asustado
1,13,7,7,Enojado
1,13,7,8,Neutral
1,13,7,9,Poderoso
1,13,7,10,Neutral
1,13,7,11,Poderoso
1,13,7,12,Poderoso
1,13,7,13,Enojado
1,13,8,1,Neutral
1,13,8,2,Neutral
1,13,8,3,Asustado
1,13,8,4,Asustado
1,13,8,5,Asustado
1,13,8,6,Neutral
1,13,8,7,Alegre
1,13,8,8,Alegre
1,13,8,9,Neutral
1,13,8,10,Neutral
1,13,8,11,Alegre
1,13,8,12,Neutral
1,13,8,13,Neutral
1,13,8,14,Alegre
1,13,8,15,Alegre
1,13,8,17,Alegre
1,13,8,19,Asustado
1,13,8,20,Alegre
1,13,8,21,Asustado
1,13,8,22,Enojado
1,13,8,23,Neutral
1,13,9,1,Neutral
1,13,9,2,Neutral
1,13,9,3,Neutral
1,13,9,4,Alegre
1,13,9,6,Neutral
1,13,9,7,Neutral
1,13,9,8,Neutral
1,13,9,9,Neutral
1,13,9,10,Enojado
1,13,9,11,Enojado
1,13,9,12,Asustado
1,13,9,13,Neutral
1,13,9,14,Enojado
1,13,9,15,Triste
1,13,10,1,Alegre
1,13,10,2,Enojado
1,13,10,3,Asustado
1,13,10,4,Enojado
1,13,10,5,Asustado
1,13,10,6,Enojado
1,13,10,7,Enojado
1,13,10,8,Enojado
1,13,10,9,Enojado
1,13,10,10,Tranquilo
1,13,10,11,Asustado
1,13,10,12,Enojado
1,13,10,13,Triste
1,13,10,14,Neutral
1,13,10,15,Alegre
1,13,10,16,Alegre
1,13,10,17,Alegre
1,13,11,1,Asustado
1,13,11,2,Triste
1,13,11,3,Neutral
1,13,11,4,Neutral
1,13,11,5,Neutral
1,13,11,6,Neutral
1,13,11,7,Neutral
1,13,11,8,Asustado
1,13,11,9,Triste
1,13,11,10,Neutral
1,13,11,11,Neutral
1,13,11,12,Alegre
1,13,11,13,Poderoso
1,13,12,1,Neutral
1,13,12,2,Asustado
1,13,12,3,Neutral
1,13,12,4,Asustado
1,13,12,5,Tranquilo
1,13,12,6,Triste
1,13,12,7,Triste
1,13,12,8,Triste
1,13,12,9,Neutral
1,13,12,10,Neutral
1,13,12,11,Neutral
1,13,12,12,Triste
1,13,12,13,Tranquilo
1,13,12,14,Neutral
1,13,12,15,Triste
1,13,12,16,Neutral
1,13,12,17,Enojado
1,13,13,1,Neutral
1,13,13,2,Asustado
1,13,13,3,Enojado
1,13,13,4,Alegre
1,13,13,6,Neutral
1,13,13,8,Asustado
1,14,1,1,Alegre
1,14,1,2,Neutral
1,14,1,3,Neutral
1,14,1,4,Neutral
1,14,1,5,Alegre
1,14,1,6,Neutral
1,14,1,7,Neutral
1,14,1,8,Asustado
1,14,1,9,Alegre
1,14,1,10,Neutral
1,14,1,11,Neutral
1,14,1,12,Neutral
1,14,1,13,Neutral
1,14,1,14,Asustado
1,14,1,15,Alegre
1,14,1,17,Asustado
1,14,1,18,Triste
1,14,2,1,Enojado
1,14,2,2,Asustado
1,14,2,3,Neutral
1,14,2,4,Asustado
1,14,2,5,Asustado
1,14,2,6,Tranquilo
1,14,2,7,Tranquilo
1,14,2,8,Neutral
1,14,2,9,Asustado
1,14,2,10,Enojado
1,14,2,11,Asustado
1,14,2,12,Enojado
1,14,2,13,Neutral
1,14,2,14,Alegre
1,14,3,1,Alegre
1,14,3,2,Alegre
1,14,3,3,Alegre
1,14,3,4,Neutral
1,14,3,5,Neutral
1,14,3,6,Neutral
1,14,3,8,Alegre
1,14,3,9,Enojado
1,14,4,1,Asustado
1,14,4,2,Asustado
1,14,4,3,Enojado
1,14,4,4,Enojado
1,14,4,5,Enojado
1,14,5,1,Neutral
1,14,5,2,Neutral
1,14,5,3,Enojado
1,14,5,4,Enojado
1,14,5,5,Enojado
1,14,5,6,Neutral
1,14,5,7,Neutral
1,14,5,8,Neutral
1,14,5,9,Neutral
1,14,5,10,Neutral
1,14,5,11,Alegre
1,14,5,12,Neutral
1,14,5,13,Neutral
1,14,5,14,Neutral
1,14,5,15,Neutral
1,14,5,16,Alegre
1,14,5,17,Poderoso
1,14,8,1,Triste
1,14,8,2,Poderoso
1,14,8,3,Alegre
1,14,8,5,Neutral
1,14,8,7,Neutral
1,14,8,8,Neutral
1,14,8,9,Neutral
1,14,8,10,Alegre
1,14,8,12,Alegre
1,14,8,13,Tranquilo
1,14,8,14,Neutral
1,14,8,16,Alegre
1,14,8,17,Asustado
1,14,8,18,Alegre
1,14,8,19,Alegre
1,14,8,21,Alegre
1,14,8,22,Alegre
1,14,9,1,Neutral
1,14,9,3,Alegre
1,14,9,4,Neutral
1,14,9,5,Neutral
1,14,9,6,Neutral
1,14,9,7,Asustado
1,14,9,8,Neutral
1,14,9,10,Neutral
1,14,10,1,Neutral
1,14,10,2,Neutral
1,14,10,3,Neutral
1,14,10,4,Neutral
1,14,10,5,Neutral
1,14,10,6,Neutral
1,14,10,7,Neutral
1,14,10,8,Neutral
1,14,10,9,Alegre
1,14,10,10,Neutral
1,14,10,11,Neutral
1,14,10,12,Asustado
1,14,10,13,Neutral
1,14,10,14,Asustado
1,14,11,1,Asustado
1,14,11,2,Neutral
1,14,11,3,Neutral
1,14,11,5,Neutral
1,14,11,6,Neutral
1,14,11,7,Alegre
1,14,11,9,Neutral
1,14,12,1,Neutral
1,14,12,2,Neutral
1,14,12,3,Alegre
1,14,12,4,Triste
1,14,12,5,Asustado
1,14,12,6,Tranquilo
1,14,12,7,Alegre
1,14,12,8,Alegre
1,14,12,9,Alegre
1,14,13,1,Neutral
1,14,13,2,Alegre
1,14,13,3,Alegre
1,14,13,4,Tranquilo
1,14,13,5,Tranquilo
1,14,13,6,Alegre
1,14,13,7,Alegre
1,14,14,1,Neutral
1,14,14,2,Alegre
1,14,14,3,Alegre
1,14,14,4,Asustado
1,14,14,5,Neutral
1,14,14,6,Alegre
1,14,14,7,Poderoso
1,14,14,8,Alegre
1,14,14,9,Neutral
1,14,14,10,Poderoso
1,14,14,11,Poderoso
1,14,14,12,Tranquilo
1,14,14,13,Poderoso
1,14,14,15,Neutral
1,14,15,1,Neutral
1,14,15,2,Enojado
1,14,15,3,Asustado
1,14,15,4,Neutral
1,14,15,5,Neutral
1,14,15,6,Neutral
1,14,15,7,Neutral
1,14,15,8,Tranquilo
1,14,15,10,Neutral
1,14,15,11,Asustado
1,14,15,12,Neutral
1,14,15,13,Neutral
1,14,15,14,Neutral
1,14,15,16,Neutral
1,14,16,1,Neutral
1,14,16,2,Neutral
1,14,16,3,Alegre
1,14,16,4,Alegre
1,14,16,5,Alegre
1,14,16,6,Alegre
1,14,16,7,Alegre
1,15,1,1,Neutral
1,15,1,2,Neutral
1,15,1,3,Neutral
1,15,1,4,Neutral
1,15,1,5,Neutral
1,15,1,6,Asustado
1,15,1,7,Neutral
1,15,1,8,Neutral
1,15,1,9,Neutral
1,15,6,1,Alegre
1,15,6,2,Alegre
1,15,6,3,Alegre
1,15,6,4,Tranquilo
1,15,6,5,Enojado
1,15,6,6,Alegre
1,15,6,8,Asustado
1,15,6,9,Enojado
1,15,6,10,Alegre
1,15,6,11,Enojado
1,15,6,12,Alegre
1,15,6,13,Tranquilo
1,15,6,14,Enojado
1,15,6,15,Alegre
1,15,6,16,Alegre
1,15,6,18,Alegre
1,15,6,19,Neutral
1,15,6,20,Neutral
1,15,6,21,Enojado
1,15,6,22,Neutral
1,15,6,23,Triste
1,15,6,24,Enojado
1,15,6,25,Enojado
1,15,6,26,Enojado
1,15,6,27,Alegre
1,15,7,1,Neutral
1,15,7,2,Asustado
1,15,7,3,Alegre
1,15,7,4,Asustado
1,15,7,5,Neutral
1,15,7,6,Neutral
1,15,7,7,Neutral
1,15,7,8,Asustado
1,15,7,9,Neutral
1,15,7,10,Alegre
1,15,9,1,Neutral
1,15,9,2,Alegre
1,15,9,3,Alegre
1,15,9,4,Alegre
1,15,9,5,Alegre
1,15,9,6,Alegre
1,15,9,7,Alegre
1,15,9,8,Neutral
1,15,9,9,Poderoso
1,15,9,11,Neutral
1,15,9,13,Enojado
1,15,10,1,Enojado
1,15,10,2,Neutral
1,15,10,3,Enojado
1,15,10,4,Neutral
1,15,10,5,Neutral
1,15,10,6,Neutral
1,15,10,7,Neutral
1,15,10,8,Neutral
1,15,10,9,Asustado
1,15,10,10,Neutral
1,15,12,1,Enojado
1,15,12,2,Poderoso
1,15,12,3,Poderoso
1,15,12,4,Triste
1,15,12,5,Poderoso
1,15,12,6,Alegre
1,15,12,8,Asustado
1,15,12,9,Poderoso
1,15,12,10,Poderoso
1,15,12,11,Alegre
1,15,12,12,Alegre
1,15,12,13,Asustado
1,15,12,14,Alegre
1,15,12,15,Alegre
1,15,12,16,Neutral
1,15,12,17,Neutral
1,15,12,18,Asustado
1,15,14,1,Neutral
1,15,14,2,Alegre
1,15,14,3,Neutral
1,15,14,4,Alegre
1,15,14,5,Neutral
1,15,14,6,Neutral
1,15,14,7,Neutral
1,15,14,8,Enojado
1,15,14,9,Neutral
1,16,1,1,Enojado
1,16,1,3,Neutral
1,16,1,5,Alegre
1,16,1,7,Neutral
1,16,1,8,Tranquilo
1,16,1,9,Neutral
1,16,1,10,Neutral
1,16,1,11,Neutral
1,16,1,12,Neutral
1,16,1,13,Neutral
1,16,1,14,Enojado
1,16,3,1,Neutral
1,16,3,2,Poderoso
1,16,3,3,Asustado
1,16,3,4,Neutral
1,16,3,5,Asustado
1,16,3,6,Neutral
1,16,3,7,Neutral
1,16,3,8,Neutral
1,16,3,9,Neutral
1,16,3,11,Neutral
1,16,3,12,Alegre
1,16,3,13,Neutral
1,16,3,14,Asustado
1,16,3,15,Neutral
1,16,3,16,Neutral
1,16,3,17,Neutral
1,16,3,18,Poderoso
1,16,4,2,Enojado
1,16,4,3,Neutral
1,16,4,4,Neutral
1,16,4,6,Neutral
1,16,4,7,Neutral
1,16,4,8,Neutral
1,16,4,9,Enojado
1,16,4,10,Neutral
1,16,4,11,Enojado
1,16,4,12,Neutral
1,16,4,13,Neutral
1,16,4,14,Neutral
1,16,6,1,Triste
1,16,6,2,Neutral
1,16,6,3,Neutral
1,16,6,4,Poderoso
1,16,6,5,Alegre
1,16,6,6,Neutral
1,16,6,8,Asustado
1,16,6,9,Asustado
1,16,6,10,Neutral
1,16,6,11,Enojado
1,16,6,12,Neutral
1,16,6,13,Neutral
1,16,6,14,Neutral
1,16,6,15,Neutral
1,16,6,17,Neutral
1,16,6,19,Alegre
1,16,7,1,Neutral
1,16,7,2,Neutral
1,16,7,3,Neutral
1,16,7,4,Triste
1,16,7,5,Neutral
1,16,7,6,Triste
1,16,7,7,Asustado
1,16,7,8,Neutral
1,16,8,1,Asustado
1,16,8,3,Neutral
1,16,8,4,Asustado
1,16,8,5,Neutral
1,16,8,6,Alegre
1,16,11,1,Neutral
1,16,11,2,Neutral
1,16,11,3,Alegre
1,16,11,5,Alegre
1,16,11,6,Neutral
1,16,11,8,Triste
1,16,11,9,Neutral
1,16,11,10,Neutral
1,16,11,11,Neutral
1,16,11,12,Neutral
1,16,11,13,Asustado
1,16,11,14,Neutral
1,16,12,1,Alegre
1,16,12,2,Neutral
1,16,12,4,Neutral
1,16,12,6,Enojado
1,16,12,7,Neutral
1,16,12,8,Neutral
1,16,12,9,Neutral
1,16,12,10,Enojado
1,16,12,11,Neutral
1,16,12,13,Asustado
1,16,12,15,Asustado
1,16,13,1,Asustado
1,16,13,2,Neutral
1,16,13,3,Asustado
1,16,13,4,Alegre
1,16,13,5,Asustado
1,16,13,6,Neutral
1,16,13,8,Neutral
1,16,13,9,Neutral
1,16,13,10,Neutral
1,16,13,11,Neutral
1,16,13,12,Neutral
1,16,13,14,Neutral
1,16,13,15,Enojado
1,16,13,17,Neutral
1,16,14,1,Neutral
1,16,14,2,Neutral
1,16,14,3,Neutral
1,16,14,4,Neutral
1,16,14,5,Neutral
1,16,14,6,Neutral
1,16,14,7,Neutral
1,16,14,8,Neutral
1,16,14,9,Alegre
1,16,14,10,Neutral
1,16,14,11,Neutral
1,16,14,12,Neutral
1,16,14,13,Neutral
1,16,15,1,Neutral
1,16,15,2,Neutral
1,16,15,3,Enojado
1,16,15,4,Tranquilo
1,16,15,6,Asustado
1,16,15,7,Tranquilo
1,16,15,8,Tranquilo
1,16,15,9,Tranquilo
1,16,15,10,Triste
1,16,15,11,Neutral
1,16,15,12,Enojado
1,16,15,13,Triste
1,16,15,14,Triste
1,16,15,15,Triste
1,16,15,16,Triste
1,16,15,17,Poderoso
1,16,15,18,Tranquilo
1,16,15,19,Neutral
1,16,15,20,Alegre
1,16,15,21,Triste
1,16,15,22,Tranquilo
1,16,15,23,Neutral
1,16,15,25,Neutral
1,16,15,27,Asustado
1,16,15,29,Neutral
1,16,16,1,Neutral
1,16,16,2,Asustado
1,16,16,4,Asustado
1,16,16,6,Alegre
1,16,16,7,Neutral
1,17,2,1,Tranquilo
1,17,2,2,Neutral
1,17,2,3,Asustado
1,17,2,4,Neutral
1,17,2,5,Asustado
1,17,2,6,Enojado
1,17,2,7,Neutral
1,17,2,8,Asustado
1,17,2,9,Alegre
1,17,2,10,Poderoso
1,17,2,12,Neutral
1,17,2,13,Neutral
1,17,2,14,Alegre
1,17,2,15,Neutral
1,17,2,16,Neutral
1,17,2,17,Neutral
1,17,2,18,Asustado
1,17,2,20,Neutral
1,17,2,22,Neutral
1,17,2,23,Asustado
1,17,2,24,Neutral
1,17,2,25,Asustado
1,17,2,26,Poderoso
1,17,3,1,Neutral
1,17,3,3,Neutral
1,17,3,4,Triste
1,17,3,5,Neutral
1,17,3,6,Tranquilo
1,17,3,7,Alegre
1,17,3,8,Alegre
1,17,3,10,Alegre
1,17,3,11,Asustado
1,17,3,12,Neutral
1,17,3,13,Neutral
1,17,3,14,Neutral
1,17,4,1,Neutral
1,17,4,2,Neutral
1,17,4,3,Alegre
1,17,4,4,Asustado
1,17,4,5,Neutral
1,17,4,6,Neutral
1,17,4,8,Alegre
1,17,4,10,Asustado
1,17,4,11,Neutral
1,17,4,12,Neutral
1,17,4,13,Neutral
1,17,4,15,Neutral
1,17,4,17,Neutral
1,17,4,18,Neutral
1,17,4,19,Neutral
1,17,4,21,Enojado
1,17,4,22,Neutral
1,17,4,23,Neutral
1,17,4,24,Alegre
1,17,4,25,Alegre
1,17,4,27,Neutral
1,17,5,1,Neutral
1,17,5,2,Neutral
1,17,5,3,Neutral
1,17,5,4,Asustado
1,17,5,5,Neutral
1,17,5,6,Neutral
1,17,5,7,Neutral
1,17,5,8,Asustado
1,17,5,9,Tranquilo
1,17,5,11,Neutral
1,17,5,12,Neutral
1,17,5,13,Neutral
1,17,7,1,Asustado
1,17,7,3,Neutral
1,17,7,4,Alegre
1,17,7,6,Neutral
1,17,7,8,Neutral
1,17,7,10,Asustado
1,17,7,11,Asustado
1,17,7,12,Asustado
1,17,7,13,Asustado
1,17,7,14,Neutral
1,17,7,15,Asustado
1,17,7,16,Neutral
1,17,7,17,Alegre
1,17,7,18,Neutral
1,17,7,19,Neutral
1,17,7,20,Neutral
1,17,7,22,Neutral
1,17,7,23,Alegre
1,17,7,24,Neutral
1,17,7,25,Neutral
1,17,7,26,Triste
1,17,7,27,Poderoso
1,17,7,28,Neutral
1,17,7,29,Triste
1,17,9,1,Neutral
1,17,9,2,Neutral
1,17,9,3,Asustado
1,17,9,4,Enojado
1,17,9,5,Asustado
1,17,9,6,Tranquilo
1,17,9,7,Neutral
1,17,9,8,Asustado
1,17,10,1,Asustado
1,17,10,2,Neutral
1,17,10,3,Triste
1,17,10,4,Neutral
1,17,10,5,Neutral
1,17,10,7,Neutral
1,17,10,8,Neutral
1,17,10,9,Alegre
1,17,10,10,Neutral
1,17,10,11,Neutral
1,17,10,12,Neutral
1,17,11,1,Asustado
1,17,11,3,Enojado
1,17,11,4,Asustado
1,17,11,5,Neutral
1,17,11,7,Asustado
1,17,11,8,Asustado
1,17,11,10,Enojado
1,17,11,11,Asustado
1,17,11,13,Neutral
1,17,11,15,Alegre
1,17,11,16,Neutral
1,17,11,17,Neutral
1,17,11,18,Neutral
1,17,11,19,Neutral
1,17,11,20,Neutral
1,17,11,21,Neutral
1,17,11,22,Neutral
1,17,12,1,Neutral
1,17,12,2,Asustado
1,17,12,4,Asustado
1,17,12,5,Triste
1,17,12,6,Asustado
1,17,12,7,Triste
1,17,12,8,Asustado
1,17,12,10,Triste
1,17,12,11,Enojado
1,17,12,12,Triste
1,17,12,13,Triste
1,17,12,14,Alegre
1,17,12,15,Asustado
1,17,12,16,Asustado
1,17,12,17,Asustado
1,17,12,18,Enojado
1,17,12,19,Triste
1,17,12,21,Tranquilo
1,17,12,22,Tranquilo
1,17,12,24,Triste
1,17,12,25,Asustado
1,17,12,27,Asustado
1,17,12,28,Asustado
1,17,13,1,Alegre
1,17,13,3,Poderoso
1,17,13,4,Asustado
1,17,13,5,Asustado
1,17,13,6,Neutral
1,17,13,8,Alegre
1,17,13,9,Triste
1,17,13,10,Asustado
1,17,13,11,Alegre
1,17,13,13,Alegre
1,17,13,14,Poderoso
1,17,14,1,Alegre
1,17,14,2,Neutral
1,17,14,3,Alegre
1,17,14,5,Alegre
1,17,14,7,Enojado
1,17,14,9,Alegre
1,17,14,10,Alegre
1,17,14,12,Tranquilo
1,17,14,13,Alegre
1,18,3,1,Neutral
1,18,3,2,Neutral
1,18,3,3,Neutral
1,18,3,4,Enojado
1,18,3,5,Enojado
1,18,3,6,Neutral
1,18,3,7,Neutral
1,18,3,9,Neutral
1,18,3,11,Enojado
1,18,5,1,Alegre
1,18,5,2,Neutral
1,18,5,4,Neutral
1,18,5,6,Alegre
1,18,5,7,Neutral
1,18,5,8,Alegre
1,18,5,9,Neutral
1,18,5,10,Alegre
1,18,5,11,Alegre
1,18,5,12,Alegre
1,18,5,13,Alegre
1,18,5,14,Neutral
1,18,5,15,Neutral
1,18,5,17,Alegre
1,18,5,18,Neutral
1,18,5,19,Neutral
1,18,5,20,Neutral
1,18,5,21,Neutral
1,18,5,22,Neutral
1,18,6,1,Neutral
1,18,6,2,Alegre
1,18,6,3,Alegre
1,18,6,4,Neutral
1,18,6,5,Alegre
1,18,6,6,Alegre
1,18,6,7,Neutral
1,18,6,8,Alegre
1,18,6,9,Enojado
1,18,6,10,Neutral
1,18,8,1,Neutral
1,18,8,3,Neutral
1,18,8,4,Triste
1,18,8,5,Neutral
1,18,8,6,Neutral
1,18,8,8,Alegre
1,18,8,10,Neutral
1,18,8,11,Neutral
1,18,8,13,Alegre
1,18,8,15,Poderoso
1,18,8,16,Alegre
1,18,8,17,Neutral
1,19,2,1,Neutral
1,19,2,2,Alegre
1,19,2,3,Alegre
1,19,2,4,Alegre
1,19,2,5,Neutral
1,19,2,6,Alegre
1,19,2,7,Neutral
1,19,2,8,Neutral
1,19,2,9,Neutral
1,19,2,10,Poderoso
1,19,2,11,Alegre
1,19,4,1,Enojado
1,19,4,2,Neutral
1,19,4,3,Neutral
1,19,4,4,Neutral
1,19,4,5,Neutral
1,19,4,6,Neutral
1,19,4,7,Neutral
1,19,4,8,Neutral
1,19,4,9,Neutral
1,19,4,10,Neutral
1,19,4,11,Neutral
1,19,8,1,Neutral
1,19,8,2,Neutral
1,19,8,3,Triste
1,19,8,4,Neutral
1,19,8,5,Asustado
1,19,8,6,Neutral
1,19,8,7,Asustado
1,19,8,9,Neutral
1,19,8,10,Neutral
1,19,8,11,Asustado
1,19,8,12,Neutral
1,19,8,13,Neutral
1,19,9,1,Neutral
1,19,9,2,Neutral
1,19,9,3,Neutral
1,19,9,4,Neutral
1,19,9,5,Triste
1,19,9,6,Alegre
1,19,9,7,Neutral
1,19,9,8,Neutral
1,19,9,9,Alegre
1,20,1,1,Enojado
1,20,1,2,Tranquilo
1,20,1,3,Tranquilo
1,20,1,4,Alegre
1,20,1,5,Enojado
1,20,1,6,Asustado
1,20,1,7,Asustado
1,20,1,8,Enojado
1,20,3,1,Alegre
1,20,3,2,Neutral
1,20,3,3,Asustado
1,20,3,4,Neutral
1,20,3,5,Tranquilo
1,20,4,1,Asustado
1,20,4,2,Neutral
1,20,4,3,Neutral
1,20,4,4,Neutral
1,20,4,5,Neutral
1,20,4,6,Neutral
1,20,4,7,Enojado
1,20,4,8,Neutral
1,20,4,9,Asustado
1,20,4,10,Neutral
1,20,4,11,Neutral
1,20,4,12,Neutral
1,20,4,13,Neutral
1,20,4,15,Neutral
1,20,5,1,Asustado
1,20,5,2,Triste
1,20,5,3,Alegre
1,20,5,4,Neutral
1,20,5,5,Tranquilo
1,20,5,6,Alegre
1,20,5,7,Asustado
1,20,5,8,Asustado
1,20,5,9,Neutral
1,20,5,10,Poderoso
1,20,5,11,Asustado
1,20,5,12,Alegre
1,20,5,14,Neutral
1,20,5,16,Neutral
1,20,5,18,Neutral
1,20,5,20,Neutral
1,20,5,21,Enojado
1,20,7,1,Neutral
1,20,7,3,Enojado
1,20,7,4,Asustado
1,20,7,6,Asustado
1,20,7,7,Asustado
1,20,7,8,Asustado
1,20,7,9,Neutral
1,20,7,10,Asustado
1,20,7,11,Alegre
1,20,7,12,Neutral
1,20,7,13,Triste
1,20,7,14,Alegre
1,20,7,15,Neutral
1,20,7,16,Alegre
1,20,7,18,Neutral
1,20,7,19,Neutral
1,20,7,20,Asustado
1,20,7,21,Neutral
1,20,7,22,Asustado
1,20,7,23,Neutral
1,20,7,24,Alegre
1,20,7,25,Neutral
1,20,7,26,Alegre
1,20,9,1,Neutral
1,20,9,2,Alegre
1,20,9,3,Neutral
1,20,9,4,Asustado
1,20,9,5,Asustado
1,20,9,6,Neutral
1,20,9,7,Enojado
1,20,9,8,Alegre
1,20,9,9,Neutral
1,20,9,10,Enojado
1,20,9,11,Neutral
1,20,9,12,Neutral
1,20,9,13,Neutral
1,20,9,14,Neutral
1,20,9,15,Neutral
1,20,9,16,Neutral
1,20,9,17,Neutral
1,20,9,18,Enojado
1,20,9,19,Enojado
1,20,9,20,Neutral
1,20,9,21,Alegre
1,20,9,22,Neutral
1,20,9,23,Alegre
1,20,11,1,Neutral
1,20,11,2,Neutral
1,20,11,3,Neutral
1,20,11,4,Triste
1,20,11,5,Tranquilo
1,20,11,7,Neutral
1,20,12,1,Alegre
1,20,12,2,Alegre
1,20,12,3,Alegre
1,20,12,4,Neutral
1,20,12,5,Alegre
1,20,12,6,Neutral
1,20,12,7,Neutral
1,20,12,8,Neutral
1,20,12,9,Neutral
1,20,12,10,Neutral
1,20,12,11,Neutral
1,20,12,12,Neutral
1,20,12,13,Neutral
1,20,12,14,Neutral
1,20,12,15,Neutral
1,20,12,16,Alegre
1,20,12,17,Alegre
1,20,12,18,Alegre
1,20,12,19,Asustado
1,20,12,20,Enojado
1,20,12,21,Asustado
1,21,1,1,Neutral
1,21,1,2,Enojado
1,21,1,3,Tranquilo
1,21,1,4,Triste
1,21,1,5,Neutral
1,21,1,6,Alegre
1,21,1,7,Neutral
1,21,1,8,Asustado
1,21,1,9,Enojado
1,21,1,10,Asustado
1,21,1,11,Neutral
1,21,1,12,Neutral
1,21,1,13,Alegre
1,21,1,14,Neutral
1,21,1,15,Enojado
1,21,1,16,Neutral
1,21,1,17,Triste
1,21,2,1,Neutral
1,21,2,2,Neutral
1,21,2,3,Neutral
1,21,2,4,Triste
1,21,2,5,Neutral
1,21,2,6,Neutral
1,21,2,7,Tranquilo
1,21,2,8,Neutral
1,21,2,9,Neutral
1,21,2,10,Neutral
1,21,2,11,Triste
1,21,2,12,Enojado
1,21,3,1,Alegre
1,21,3,2,Neutral
1,21,3,3,Neutral
1,21,3,5,Poderoso
1,21,3,6,Poderoso
1,21,3,7,Poderoso
1,21,3,8,Neutral
1,21,3,9,Neutral
1,21,3,10,Neutral
1,21,3,12,Alegre
1,21,3,13,Alegre
1,21,4,1,Neutral
1,21,4,2,Neutral
1,21,4,3,Asustado
1,21,4,4,Neutral
1,21,4,5,Alegre
1,21,4,6,Neutral
1,21,4,7,Alegre
1,21,4,8,Asustado
1,21,4,9,Enojado
1,21,6,1,Asustado
1,21,6,2,Neutral
1,21,6,3,Asustado
1,21,6,4,Neutral
1,21,6,5,Enojado
1,21,6,6,Neutral
1,21,6,7,Alegre
1,21,6,8,Neutral
1,21,6,9,Neutral
1,21,6,10,Triste
1,21,7,1,Enojado
1,21,7,2,Neutral
1,21,7,3,Triste
1,21,7,4,Neutral
1,21,7,5,Neutral
1,21,7,6,Asustado
1,21,7,7,Alegre
1,21,7,8,Neutral
1,21,7,9,Neutral
1,21,7,11,Poderoso
1,21,7,12,Asustado
1,21,7,13,Asustado
1,21,7,14,Neutral
1,21,7,15,Tranquilo
1,21,7,16,Enojado
1,21,7,17,Alegre
1,21,7,18,Enojado
1,21,7,19,Alegre
1,21,7,20,Alegre
1,21,8,1,Asustado
1,21,8,2,Poderoso
1,21,8,3,Alegre
1,21,8,4,Alegre
1,21,8,5,Enojado
1,21,8,6,Poderoso
1,21,8,7,Neutral
1,21,8,8,Asustado
1,21,8,9,Neutral
1,21,8,10,Asustado
1,21,8,11,Neutral
1,21,8,12,Asustado
1,21,8,13,Neutral
1,21,8,14,Enojado
1,21,8,15,Neutral
1,21,8,16,Neutral
1,21,8,17,Alegre
1,21,8,18,Neutral
1,21,9,1,Asustado
1,21,9,2,Neutral
1,21,9,3,Triste
1,21,9,4,Tranquilo
1,21,9,5,Alegre
1,21,9,6,Alegre
1,21,9,7,Enojado
1,21,9,8,Alegre
1,21,9,9,Neutral
1,21,9,10,Alegre
1,21,10,1,Neutral
1,21,10,2,Neutral
1,21,10,3,Neutral
1,21,10,4,Asustado
1,21,10,5,Neutral
1,21,10,6,Neutral
1,21,10,7,Neutral
1,21,10,8,Neutral
1,21,10,9,Neutral
1,21,10,10,Neutral
1,21,10,11,Asustado
1,21,10,12,Neutral
1,21,10,14,Neutral
1,21,10,15,Neutral
1,21,10,16,Neutral
1,21,10,17,Alegre
1,21,10,18,Neutral
1,21,11,1,Alegre
1,21,11,2,Enojado
1,21,11,3,Alegre
1,21,11,4,Enojado
1,21,11,5,Alegre
1,21,11,6,Asustado
1,21,11,8,Neutral
1,21,11,9,Alegre
1,21,11,10,Asustado
1,21,11,11,Alegre
1,21,11,12,Enojado
1,21,11,13,Alegre
1,21,11,15,Neutral
1,21,11,16,Alegre
1,21,11,17,Neutral
1,21,11,18,Neutral
1,21,12,1,Neutral
1,21,12,2,Neutral
1,21,12,3,Neutral
1,21,12,4,Neutral
1,21,12,5,Enojado
1,21,12,6,Asustado
1,21,12,7,Triste
1,21,12,8,Neutral
1,21,12,9,Alegre
1,21,12,10,Neutral
1,21,12,11,Triste
1,21,12,12,Alegre
1,21,12,13,Triste
1,21,12,14,Neutral
1,21,12,15,Neutral
1,21,12,16,Alegre
1,21,12,17,Neutral
1,21,12,18,Neutral
1,21,14,1,Neutral
1,21,14,2,Triste
1,21,14,3,Tranquilo
1,21,14,4,Neutral
1,21,14,5,Neutral
1,21,14,6,Neutral
1,21,14,7,Neutral
1,21,14,8,Neutral
1,21,14,9,Neutral
1,21,14,10,Tranquilo
1,21,14,11,Tranquilo
1,21,14,12,Neutral
1,21,14,13,Enojado
1,21,15,1,Asustado
1,21,15,2,Neutral
1,21,15,3,Neutral
1,21,15,4,Asustado
1,21,15,5,Neutral
1,21,15,6,Neutral
1,22,1,1,Poderoso
1,22,1,2,Neutral
1,22,1,3,Poderoso
1,22,1,4,Poderoso
1,22,1,5,Enojado
1,22,1,6,Asustado
1,22,1,7,Poderoso
1,22,1,8,Asustado
1,22,1,9,Asustado
1,22,1,10,Alegre
1,22,1,11,Alegre
1,22,1,12,Alegre
1,22,1,13,Asustado
1,22,1,14,Alegre
1,22,1,15,Alegre
1,22,1,16,Alegre
1,22,1,17,Alegre
1,22,1,18,Alegre
1,22,1,20,Asustado
1,22,1,21,Enojado
1,22,1,22,Alegre
1,22,3,1,Asustado
1,22,3,2,Neutral
1,22,3,3,Neutral
1,22,3,4,Asustado
1,22,3,5,Poderoso
1,22,3,6,Asustado
1,22,3,7,Alegre
1,22,3,8,Neutral
1,22,3,9,Alegre
1,22,3,10,Alegre
1,22,3,11,Alegre
1,22,3,12,Neutral
1,22,3,13,Neutral
1,22,3,14,Neutral
1,22,3,15,Neutral
1,22,3,16,Neutral
1,22,3,18,Neutral
1,22,3,19,Alegre
1,22,3,20,Neutral
1,22,4,1,Asustado
1,22,4,2,Alegre
1,22,4,3,Asustado
1,22,4,4,Alegre
1,22,4,5,Asustado
1,22,4,6,Alegre
1,22,4,7,Neutral
1,22,4,8,Alegre
1,22,7,1,Asustado
1,22,7,2,Alegre
1,22,7,3,Asustado
1,22,7,4,Neutral
1,22,7,5,Asustado
1,22,7,6,Alegre
1,22,7,7,Enojado
1,22,7,8,Alegre
1,22,7,9,Neutral
1,22,7,10,Triste
1,22,7,11,Enojado
1,22,7,12,Neutral
1,22,9,1,Alegre
1,22,9,2,Neutral
1,22,9,3,Neutral
1,22,9,4,Alegre
1,22,9,5,Neutral
1,22,9,6,Poderoso
1,22,9,7,Neutral
1,22,9,8,Neutral
1,22,9,9,Neutral
1,22,9,10,Neutral
1,22,9,11,Neutral
1,22,9,12,Neutral
1,22,10,1,Neutral
1,22,10,2,Neutral
1,22,10,3,Neutral
1,22,10,4,Neutral
1,22,10,6,Neutral
1,22,10,7,Neutral
1,22,10,8,Neutral
1,22,10,9,Neutral
1,22,10,10,Neutral
1,22,10,11,Neutral
1,22,10,13,Alegre
1,22,10,14,Neutral
1,22,10,15,Neutral
1,22,10,16,Neutral
1,22,10,17,Asustado
1,22,10,18,Neutral
1,22,10,19,Neutral
1,22,10,20,Alegre
1,22,10,22,Neutral
1,22,10,23,Neutral
1,22,10,24,Neutral
1,22,11,1,Enojado
1,22,11,2,Neutral
1,22,11,3,Alegre
1,22,11,4,Asustado
1,22,11,5,Neutral
1,22,11,6,Neutral
1,22,11,8,Neutral
1,22,11,9,Alegre
1,22,11,10,Neutral
1,22,12,1,Tranquilo
1,22,12,3,Tranquilo
1,22,12,4,Tranquilo
1,22,12,5,Alegre
1,22,12,6,Alegre
1,22,12,7,Asustado
1,22,12,8,Alegre
1,22,12,9,Alegre
1,22,12,10,Asustado
1,22,12,11,Neutral
1,22,12,13,Triste
1,22,12,14,Triste
1,22,13,1,Asustado
1,22,13,3,Alegre
1,22,13,4,Neutral
1,22,13,6,Neutral
1,22,13,7,Asustado
1,22,13,8,Enojado
1,22,13,9,Neutral
1,22,13,10,Neutral
1,22,13,11,Neutral
1,22,13,12,Neutral
1,22,13,13,Neutral
1,22,13,14,Enojado
1,22,13,15,Neutral
1,22,13,17,Alegre
1,22,13,18,Alegre
1,22,13,19,Neutral
1,22,13,21,Alegre
1,22,13,22,Neutral
1,23,1,1,Asustado
1,23,1,2,Neutral
1,23,1,3,Asustado
1,23,1,5,Neutral
1,23,1,6,Neutral
1,23,1,7,Alegre
1,23,1,8,Alegre
1,23,1,9,Asustado
1,23,1,10,Neutral
1,23,1,12,Poderoso
1,23,1,13,Alegre
1,23,1,15,Alegre
1,23,1,16,Asustado
1,23,1,17,Neutral
1,23,1,18,Alegre
1,23,1,20,Enojado
1,23,1,21,Tranquilo
1,23,1,22,Tranquilo
1,23,1,23,Enojado
1,23,1,24,Alegre
1,23,1,26,Enojado
1,23,2,1,Neutral
1,23,2,2,Neutral
1,23,2,3,Neutral
1,23,2,4,Triste
1,23,2,6,Alegre
1,23,2,7,Neutral
1,23,2,8,Alegre
1,23,2,9,Alegre
1,23,2,10,Neutral
1,23,2,11,Neutral
1,23,2,12,Neutral
1,23,2,13,Neutral
1,23,2,14,Neutral
1,23,2,15,Poderoso
1,23,2,16,Poderoso
1,23,2,17,Poderoso
1,23,2,19,Tranquilo
1,23,2,20,Tranquilo
1,23,2,21,Alegre
1,23,2,22,Alegre
1,23,2,23,Alegre
1,23,3,1,Neutral
1,23,3,2,Triste
1,23,3,3,Alegre
1,23,3,4,Triste
1,23,3,6,Alegre
1,23,3,8,Neutral
1,23,3,9,Neutral
1,23,3,10,Neutral
1,23,3,11,Asustado
1,23,3,12,Alegre
1,23,3,13,Neutral
1,23,3,14,Poderoso
1,23,3,15,Poderoso
1,23,3,16,Enojado
1,23,3,17,Alegre
1,23,3,18,Neutral
1,23,3,19,Triste
1,23,3,20,Asustado
1,23,3,21,Neutral
1,23,3,22,Neutral
1,23,5,1,Enojado
1,23,5,2,Neutral
1,23,5,3,Neutral
1,23,5,4,Neutral
1,23,5,5,Neutral
1,23,5,6,Enojado
1,23,5,7,Enojado
1,23,5,8,Triste
1,23,5,9,Neutral
1,23,5,10,Neutral
1,23,5,12,Poderoso
1,23,5,13,Enojado
1,23,5,14,Neutral
1,23,5,15,Enojado
1,23,5,16,Neutral
1,23,5,17,Enojado
1,23,7,1,Asustado
1,23,7,2,Asustado
1,23,7,4,Asustado
1,23,7,5,Neutral
1,23,7,6,Asustado
1,23,7,7,Tranquilo
1,23,8,1,Neutral
1,23,8,2,Asustado
1,23,8,3,Asustado
1,23,8,4,Neutral
1,23,8,5,Neutral
1,23,8,6,Neutral
1,23,8,7,Enojado
1,23,8,8,Neutral
1,23,8,10,Enojado
1,23,8,11,Neutral
1,23,8,12,Enojado
1,23,8,14,Neutral
1,23,10,1,Neutral
1,23,10,2,Tranquilo
1,23,10,3,Neutral
1,23,10,4,Neutral
1,23,10,5,Neutral
1,23,10,6,Alegre
1,23,10,7,Alegre
1,23,14,1,Tranquilo
1,23,14,2,Asustado
1,23,14,3,Triste
1,23,14,4,Alegre
1,23,14,5,Neutral
1,23,14,6,Neutral
1,23,14,7,Neutral
1,23,14,8,Neutral
1,23,14,9,Neutral
1,23,14,10,Neutral
1,23,14,11,Neutral
1,23,14,12,Neutral
1,23,15,1,Neutral
1,23,15,2,Neutral
1,23,15,3,Neutral
1,23,15,4,Triste
1,23,15,5,Neutral
1,23,15,6,Enojado
1,23,15,7,Neutral
1,23,16,1,Enojado
1,23,16,2,Alegre
1,23,16,3,Asustado
1,23,16,4,Asustado
1,23,16,5,Alegre
1,23,16,6,Alegre
1,23,16,7,Neutral
1,23,16,8,Triste
1,23,17,1,Neutral
1,23,17,2,Neutral
1,23,17,3,Neutral
1,23,17,4,Neutral
1,23,17,5,Asustado
1,23,17,7,Enojado
1,23,17,8,Neutral
1,23,17,9,Neutral
1,23,17,10,Asustado
1,23,17,11,Triste
1,23,17,12,Asustado
1,23,18,1,Neutral
1,23,18,2,Alegre
1,23,18,3,Tranquilo
1,23,18,5,Alegre
1,23,18,6,Alegre
1,23,18,8,Alegre
1,23,18,10,Poderoso
1,23,19,1,Poderoso
1,23,19,2,Alegre
1,23,19,3,Enojado
1,23,19,4,Tranquilo
1,23,19,5,Poderoso
1,23,19,6,Alegre
1,23,19,7,Alegre
1,23,19,9,Alegre
1,23,19,10,Enojado
1,23,19,11,Alegre
1,23,19,12,Asustado
1,23,19,13,Enojado
1,23,19,14,Alegre
1,23,19,15,Alegre
1,23,19,16,Alegre
1,23,19,17,Alegre
1,23,19,18,Alegre
1,23,19,19,Alegre
1,23,19,20,Alegre
1,23,19,21,Alegre
1,23,19,22,Alegre
1,23,19,23,Alegre
1,23,20,1,Tranquilo
1,23,20,2,Tranquilo
1,23,20,3,Tranquilo
1,23,20,4,Neutral
1,23,20,5,Neutral
1,23,20,6,Neutral
1,23,20,8,Neutral
1,23,20,9,Neutral
1,23,20,10,Neutral
1,23,20,12,Tranquilo
1,23,20,13,Alegre
1,23,20,14,Tranquilo
1,23,20,15,Asustado
1,23,20,16,Neutral
1,23,20,17,Tranquilo
1,23,20,19,Tranquilo
1,23,20,20,Alegre
1,23,21,1,Alegre
1,23,21,3,Alegre
1,23,21,5,Alegre
1,23,21,6,Alegre
1,23,21,7,Neutral
1,23,21,8,Alegre
1,23,21,9,Neutral
1,23,21,10,Neutral
1,23,21,12,Alegre
1,23,21,13,Neutral
1,23,21,14,Neutral
1,23,21,16,Alegre
1,24,1,1,Neutral
1,24,1,2,Alegre
1,24,1,3,Alegre
1,24,1,4,Alegre
1,24,1,6,Triste
1,24,1,8,Neutral
1,24,1,9,Neutral
1,24,1,11,Neutral
1,24,1,12,Enojado
1,24,1,13,Neutral
1,24,1,14,Enojado
1,24,1,15,Neutral
1,24,1,16,Neutral
1,24,1,17,Neutral
1,24,1,18,Neutral
1,24,1,19,Neutral
1,24,1,21,Neutral
1,24,1,22,Neutral
1,24,1,23,Neutral
1,24,1,24,Alegre
1,24,3,1,Alegre
1,24,3,2,Alegre
1,24,3,3,Poderoso
1,24,3,4,Alegre
1,24,3,5,Poderoso
1,24,3,6,Alegre
1,24,3,7,Alegre
1,24,3,8,Alegre
1,24,3,9,Alegre
1,24,3,10,Asustado
1,24,3,11,Neutral
1,24,3,12,Neutral
1,24,3,13,Neutral
1,24,3,14,Asustado
1,24,3,15,Poderoso
1,24,3,16,Neutral
1,24,3,17,Asustado
1,24,3,18,Neutral
1,24,3,19,Neutral
1,24,3,20,Alegre
1,24,3,21,Asustado
1,24,3,22,Neutral
1,24,3,24,Neutral
1,24,3,25,Alegre
1,24,4,2,Neutral
1,24,4,3,Neutral
1,24,4,5,Neutral
1,24,4,7,Neutral
1,24,4,8,Alegre
1,24,4,9,Neutral
1,24,4,10,Neutral
1,24,4,11,Neutral
1,24,4,12,Neutral
1,24,4,13,Asustado
1,24,4,14,Enojado
1,24,4,15,Asustado
1,24,4,16,Neutral
1,24,4,18,Triste
1,24,4,19,Poderoso
1,24,4,20,Asustado
1,24,4,21,Alegre
1,24,5,1,Neutral
1,24,5,2,Alegre
1,24,5,3,Alegre
1,24,5,4,Asustado
1,24,5,5,Alegre
1,24,5,6,Alegre
1,24,5,7,Alegre
1,24,5,9,Alegre
1,24,5,10,Neutral
1,24,5,11,Alegre
1,24,6,1,Tranquilo
1,24,6,2,Asustado
1,24,6,3,Alegre
1,24,6,4,Alegre
1,24,6,5,Alegre
1,24,6,6,Tranquilo
1,24,6,7,Neutral
1,24,6,8,Tranquilo
1,24,6,9,Asustado
1,24,6,10,Asustado
1,24,6,11,Asustado
1,24,6,12,Asustado
1,24,6,13,Enojado
1,24,6,14,Triste
1,24,6,15,Enojado
1,24,6,16,Asustado
1,24,6,17,Neutral
1,24,6,18,Alegre
1,24,6,19,Enojado
1,24,6,20,Asustado
1,24,6,21,Asustado
1,24,7,1,Neutral
1,24,7,2,Asustado
1,24,7,3,Alegre
1,24,7,4,Neutral
1,24,7,5,Neutral
1,24,7,6,Alegre
1,24,7,7,Alegre
1,24,7,8,Alegre
1,24,7,9,Enojado
1,24,7,10,Alegre
1,24,7,11,Neutral
1,24,7,12,Alegre
1,24,8,1,Alegre
1,24,8,2,Tranquilo
1,24,8,3,Neutral
1,24,8,4,Tranquilo
1,24,8,5,Tranquilo
1,24,8,6,Asustado
1,24,8,7,Asustado
1,24,8,8,Asustado
1,24,8,9,Asustado
1,24,8,10,Asustado
1,24,8,11,Tranquilo
1,24,8,13,Neutral
1,24,8,14,Neutral
1,24,8,15,Neutral
1,24,8,16,Enojado
1,24,9,1,Alegre
1,24,9,2,Alegre
1,24,9,3,Neutral
1,24,9,4,Neutral
1,24,9,5,Alegre
1,24,11,1,Asustado
1,24,11,3,Enojado
1,24,11,5,Neutral
1,24,11,7,Neutral
1,24,11,8,Neutral
1,24,11,9,Neutral
1,24,11,10,Neutral
1,24,11,11,Asustado
1,24,11,12,Neutral
1,24,11,13,Neutral
1,24,11,14,Neutral
2,1,2,2,Alegre
2,1,2,3,Alegre
2,1,2,4,Alegre
2,1,2,5,Asustado
2,1,2,6,Asustado
2,1,2,7,Asustado
2,1,2,8,Alegre
2,1,2,9,Alegre
2,1,2,10,Neutral
2,1,2,11,Tranquilo
2,1,2,12,Tranquilo
2,1,4,2,Neutral
2,1,4,3,Neutral
2,1,4,4,Alegre
2,1,4,5,Neutral
2,1,4,6,Asustado
2,1,4,7,Neutral
2,1,4,8,Enojado
2,1,4,9,Neutral
2,1,4,10,Enojado
2,1,4,11,Asustado
2,1,4,12,Alegre
2,1,4,13,Asustado
2,1,4,14,Triste
2,1,4,15,Poderoso
2,1,4,16,Neutral
2,1,4,17,Neutral
2,1,4,18,Neutral
2,1,4,19,Neutral
2,1,4,20,Asustado
2,1,4,21,Triste
2,1,4,22,Enojado
2,1,4,23,Poderoso
2,1,6,2,Alegre
2,1,6,3,Alegre
2,1,6,4,Poderoso
2,1,6,5,Tranquilo
2,1,6,6,Asustado
2,1,6,7,Enojado
2,1,6,8,Enojado
2,1,6,9,Enojado
2,1,6,10,Poderoso
2,1,6,11,Poderoso
2,1,8,2,Enojado
2,1,8,3,Asustado
2,1,8,4,Enojado
2,1,8,5,Triste
2,1,8,6,Enojado
2,1,8,7,Enojado
2,1,8,8,Neutral
2,1,8,9,Enojado
2,1,8,10,Neutral
2,1,8,11,Enojado
2,1,8,12,Asustado
2,1,8,13,Asustado
2,1,8,14,Asustado
2,1,8,15,Asustado
2,1,8,16,Asustado
2,1,8,17,Neutral
2,1,8,18,Alegre
2,1,8,19,Enojado
2,1,11,2,Enojado
2,1,11,3,Alegre
2,1,11,4,Enojado
2,1,11,5,Alegre
2,1,11,6,Alegre
2,1,11,7,Alegre
2,1,11,8,Asustado
2,1,11,9,Enojado
2,1,11,10,Asustado
2,1,11,11,Neutral
2,1,11,12,Asustado
2,1,11,13,Tranquilo
2,1,11,14,Asustado
2,1,11,15,Enojado
2,1,11,16,Asustado
2,1,11,17,Poderoso
2,1,11,18,Enojado
2,1,11,19,Tranquilo
2,1,11,20,Tranquilo
2,1,11,21,Triste
2,1,11,22,Alegre
2,1,11,23,Enojado
2,1,12,2,Neutral
2,1,12,3,Alegre
2,1,12,4,Alegre
2,1,12,5,Asustado
2,1,12,6,Alegre
2,1,12,7,Asustado
2,1,12,8,Tranquilo
2,1,12,9,Tranquilo
2,1,12,10,Neutral
2,2,1,2,Alegre
2,2,1,3,Alegre
2,2,1,4,Neutral
2,2,1,5,Neutral
2,2,1,6,Neutral
2,2,1,7,Neutral
2,2,1,8,Asustado
2,2,1,9,Neutral
2,2,1,10,Enojado
2,2,1,11,Neutral
2,2,1,12,Enojado
2,2,1,13,Neutral
2,2,1,14,Neutral
2,2,1,15,Neutral
2,2,1,16,Asustado
2,2,1,17,Neutral
2,2,1,18,Neutral
2,2,1,19,Asustado
2,2,1,20,Neutral
2,2,1,21,Alegre
2,2,2,2,Neutral
2,2,2,3,Neutral
2,2,2,4,Neutral
2,2,2,5,Neutral
2,2,2,6,Neutral
2,2,2,7,Enojado
2,2,2,8,Neutral
2,2,2,9,Neutral
2,2,2,10,Neutral
2,2,2,11,Alegre
2,2,2,12,Alegre
2,2,2,13,Alegre
2,2,2,14,Neutral
2,2,2,15,Alegre
2,2,2,16,Neutral
2,2,2,17,Neutral
2,2,2,18,Enojado
2,2,2,19,Neutral
2,2,2,20,Asustado
2,2,2,21,Neutral
2,2,2,22,Neutral
2,2,2,23,Alegre
2,2,2,24,Neutral
2,2,2,25,Neutral
2,2,3,2,Alegre
2,2,3,3,Neutral
2,2,3,4,Asustado
2,2,3,5,Alegre
2,2,3,6,Neutral
2,2,3,7,Asustado
2,2,3,8,Neutral
2,2,3,9,Enojado
2,2,3,10,Neutral
2,2,3,11,Enojado
2,2,3,12,Enojado
2,2,3,13,Poderoso
2,2,3,14,Neutral
2,2,3,15,Neutral
2,2,3,16,Alegre
2,2,3,17,Poderoso
2,2,4,2,Neutral
2,2,4,3,Neutral
2,2,4,4,Neutral
2,2,4,5,Neutral
2,2,4,6,Neutral
2,2,4,7,Neutral
2,2,4,8,Neutral
2,2,4,9,Neutral
2,2,4,10,Neutral
2,2,4,11,Asustado
2,2,4,12,Neutral
2,2,4,13,Asustado
2,2,4,14,Neutral
2,2,4,15,Asustado
2,2,5,2,Asustado
2,2,5,3,Triste
2,2,5,4,Neutral
2,2,5,5,Neutral
2,2,5,6,Alegre
2,2,6,2,Alegre
2,2,6,3,Poderoso
2,2,6,4,Alegre
2,2,6,5,Alegre
2,2,6,6,Alegre
2,2,6,7,Alegre
2,2,6,8,Poderoso
2,2,6,9,Neutral
2,2,6,10,Alegre
2,2,7,2,Alegre
2,2,7,3,Asustado
2,2,7,4,Poderoso
2,2,7,5,Enojado
2,2,7,6,Poderoso
2,2,7,7,Enojado
2,2,7,8,Neutral
2,2,7,9,Poderoso
2,2,7,10,Poderoso
2,2,7,11,Asustado
2,2,7,12,Enojado
2,2,7,13,Tranquilo
2,2,7,14,Enojado
2,2,7,15,Tranquilo
2,2,7,16,Neutral
2,2,9,2,Triste
2,2,9,3,Alegre
2,2,9,4,Neutral
2,2,9,5,Neutral
2,2,9,6,Neutral
2,2,9,7,Neutral
2,2,9,8,Asustado
2,2,9,9,Enojado
2,2,9,10,Neutral
2,2,9,11,Neutral
2,2,9,12,Neutral
2,2,9,13,Neutral
2,2,9,14,Asustado
2,2,9,15,Neutral
2,2,9,16,Neutral
2,2,9,17,Neutral
2,2,9,18,Neutral
2,2,9,19,Asustado
2,2,9,20,Neutral
2,2,9,21,Neutral
2,2,9,22,Neutral
2,2,9,23,Neutral
2,2,10,2,Alegre
2,2,10,3,Neutral
2,2,10,4,Neutral
2,2,10,5,Triste
2,2,10,6,Enojado
2,2,10,7,Enojado
2,2,10,8,Neutral
2,2,10,9,Tranquilo
2,2,10,10,Enojado
2,2,10,11,Poderoso
2,2,10,12,Alegre
2,2,11,2,Triste
2,2,11,3,Poderoso
2,2,11,4,Triste
2,2,11,5,Enojado
2,2,11,6,Asustado
2,2,11,7,Tranquilo
2,2,11,8,Asustado
2,2,11,9,Triste
2,2,11,10,Asustado
2,2,11,11,Tranquilo
2,2,11,12,Alegre
2,2,11,13,Asustado
2,2,11,14,Tranquilo
2,2,11,15,Tranquilo
2,2,11,16,Tranquilo
2,2,12,2,Enojado
2,2,12,3,Neutral
2,2,12,4,Neutral
2,2,12,5,Neutral
2,2,12,6,Poderoso
2,2,12,7,Enojado
2,2,12,8,Enojado
2,2,12,9,Asustado
2,2,12,10,Asustado
2,2,12,11,Neutral
2,2,12,12,Neutral
2,2,13,2,Neutral
2,2,13,3,Asustado
2,2,13,4,Asustado
2,2,13,5,Asustado
2,2,13,6,Triste
2,2,13,7,Neutral
2,2,13,8,Triste
2,2,13,9,Triste
2,2,13,10,Tranquilo
2,2,13,11,Alegre
2,2,13,12,Neutral
2,2,13,13,Neutral
2,2,13,14,Neutral
2,2,13,15,Enojado
2,3,2,1,Neutral
2,3,2,2,Neutral
2,3,2,3,Triste
2,3,2,4,Triste
2,3,2,5,Triste
2,3,2,6,Triste
2,3,2,7,Triste
2,3,2,8,Triste
2,3,2,9,Neutral
2,3,2,10,Triste
2,3,2,11,Neutral
2,3,2,12,Alegre
2,3,2,13,Asustado
2,3,2,14,Neutral
2,3,2,15,Asustado
2,3,2,16,Tranquilo
2,3,2,17,Enojado
2,3,2,18,Tranquilo
2,3,2,19,Enojado
2,3,2,20,Tranquilo
2,3,2,21,Enojado
2,3,2,22,Tranquilo
2,3,2,23,Alegre
2,3,3,1,Alegre
2,3,3,2,Alegre
2,3,3,3,Tranquilo
2,3,3,4,Triste
2,3,3,5,Poderoso
2,3,3,6,Tranquilo
2,3,3,7,Poderoso
2,3,5,1,Asustado
2,3,5,2,Alegre
2,3,5,3,Asustado
2,3,5,4,Neutral
2,3,5,5,Poderoso
2,3,5,6,Neutral
2,3,5,7,Poderoso
2,3,5,8,Neutral
2,3,6,1,Alegre
2,3,6,2,Alegre
2,3,6,3,Poderoso
2,3,6,4,Alegre
2,3,6,5,Enojado
2,3,6,6,Alegre
2,3,6,7,Enojado
2,3,6,8,Enojado
2,3,6,9,Poderoso
2,3,6,10,Enojado
2,3,6,11,Neutral
2,3,6,12,Enojado
2,3,6,13,Neutral
2,3,6,14,Poderoso
2,3,7,1,Alegre
2,3,7,2,Neutral
2,3,7,3,Enojado
2,3,7,4,Enojado
2,3,7,5,Enojado
2,3,7,6,Enojado
2,3,7,7,Asustado
2,3,9,1,Neutral
2,3,9,2,Neutral
2,3,9,3,Alegre
2,3,9,4,Enojado
2,3,9,5,Enojado
2,3,9,6,Enojado
2,3,10,1,Asustado
2,3,10,2,Alegre
2,3,10,3,Tranquilo
2,3,10,4,Enojado
2,3,10,5,Tranquilo
2,3,10,6,Alegre
2,3,10,7,Alegre
2,3,10,8,Neutral
2,3,10,9,Alegre
2,4,1,2,Enojado
2,4,1,3,Neutral
2,4,1,4,Neutral
2,4,1,5,Neutral
2,4,1,6,Neutral
2,4,1,7,Poderoso
2,4,1,8,Asustado
2,4,1,9,Asustado
2,4,3,2,Asustado
2,4,3,3,Alegre
2,4,3,4,Poderoso
2,4,3,5,Alegre
2,4,3,6,Alegre
2,4,3,7,Enojado
2,4,3,8,Enojado
2,4,3,9,Enojado
2,4,3,10,Alegre
2,4,3,11,Alegre
2,4,3,12,Neutral
2,4,3,13,Neutral
2,4,3,14,Asustado
2,4,3,15,Alegre
2,4,3,16,Enojado
2,4,3,17,Alegre
2,4,3,18,Alegre
2,4,3,19,Alegre
2,4,5,2,Neutral
2,4,5,3,Neutral
2,4,5,4,Alegre
2,4,5,5,Alegre
2,4,5,6,Neutral
2,4,5,7,Tranquilo
2,4,5,8,Alegre
2,4,5,9,Poderoso
2,4,5,10,Alegre
2,4,5,11,Tranquilo
2,4,5,12,Alegre
2,4,5,13,Tranquilo
2,4,5,14,Neutral
2,4,5,15,Neutral
2,4,5,16,Alegre
2,4,5,17,Asustado
2,4,5,18,Alegre
2,4,6,2,Neutral
2,4,6,3,Neutral
2,4,6,4,Neutral
2,4,6,5,Alegre
2,4,6,6,Neutral
2,4,6,7,Neutral
2,4,6,8,Asustado
2,4,6,9,Asustado
2,4,6,10,Tranquilo
2,4,6,11,Neutral
2,4,6,12,Alegre
2,4,7,2,Alegre
2,4,7,3,Alegre
2,4,7,4,Tranquilo
2,4,7,5,Enojado
2,4,7,6,Asustado
2,4,7,7,Enojado
2,4,7,8,Alegre
2,4,7,9,Asustado
2,4,7,10,Alegre
2,4,7,11,Alegre
2,4,7,12,Alegre
2,4,7,13,Asustado
2,4,7,14,Alegre
2,4,7,15,Alegre
2,4,8,2,Tranquilo
2,4,8,3,Asustado
2,4,8,4,Asustado
2,4,8,5,Asustado
2,4,8,6,Enojado
2,4,8,7,Asustado
2,4,8,8,Alegre
2,4,8,9,Asustado
2,4,8,10,Enojado
2,4,8,11,Tranquilo
2,4,8,12,Tranquilo
2,4,8,13,Neutral
2,4,8,14,Neutral
2,4,8,15,Poderoso
2,4,8,16,Asustado
2,4,8,17,Asustado
2,4,8,18,Asustado
2,4,8,19,Poderoso
2,4,8,20,Asustado
2,4,8,21,Poderoso
2,4,8,22,Enojado
2,4,9,2,Asustado
2,4,9,3,Neutral
2,4,9,4,Neutral
2,4,9,5,Neutral
2,4,9,6,Asustado
2,4,9,7,Neutral
2,4,9,8,Poderoso
2,4,9,9,Asustado
2,4,9,10,Asustado
2,4,9,11,Alegre
2,4,9,12,Asustado
2,4,9,13,Alegre
2,4,9,14,Alegre
2,4,9,15,Alegre
2,4,9,16,Alegre
2,4,9,17,Neutral
2,4,9,18,Asustado
2,4,10,2,Neutral
2,4,10,3,Tranquilo
2,4,10,4,Asustado
2,4,10,5,Alegre
2,4,10,6,Neutral
2,5,1,2,Triste
2,5,1,3,Alegre
2,5,1,4,Neutral
2,5,1,5,Neutral
2,5,1,6,Neutral
2,5,1,7,Tranquilo
2,5,1,8,Alegre
2,5,1,9,Alegre
2,5,1,10,Neutral
2,5,1,11,Neutral
2,5,1,12,Alegre
2,5,1,13,Alegre
2,5,1,14,Neutral
2,5,1,15,Neutral
2,5,1,16,Tranquilo
2,5,1,17,Alegre
2,5,1,18,Alegre
2,5,1,19,Neutral
2,5,1,20,Neutral
2,5,1,21,Alegre
2,5,1,22,Alegre
2,5,1,23,Alegre
2,5,5,2,Triste
2,5,5,3,Triste
2,5,5,4,Neutral
2,5,5,5,Triste
2,5,5,6,Triste
2,5,5,7,Neutral
2,5,6,2,Tranquilo
2,5,6,3,Neutral
2,5,6,4,Asustado
2,5,6,5,Alegre
2,5,6,6,Alegre
2,5,6,7,Triste
2,5,6,8,Neutral
2,5,6,9,Neutral
2,5,6,10,Neutral
2,5,6,11,Neutral
2,5,6,12,Alegre
2,5,6,13,Alegre
2,5,6,14,Triste
2,5,6,15,Alegre
2,5,6,16,Neutral
2,5,6,17,Neutral
2,5,6,18,Neutral
2,5,6,19,Neutral
2,5,6,20,Alegre
2,6,2,2,Alegre
2,6,2,3,Tranquilo
2,6,2,4,Tranquilo
2,6,2,5,Neutral
2,6,2,6,Poderoso
2,6,2,7,Neutral
2,6,2,8,Enojado
2,6,2,9,Neutral
2,6,2,10,Enojado
2,6,2,11,Asustado
2,6,2,12,Enojado
2,6,2,13,Alegre
2,6,3,2,Asustado
2,6,3,3,Alegre
2,6,3,4,Neutral
2,6,3,5,Asustado
2,6,3,6,Asustado
2,6,3,7,Neutral
2,6,3,8,Neutral
2,6,3,9,Alegre
2,6,3,10,Asustado
2,6,3,11,Alegre
2,6,3,12,Tranquilo
2,6,3,13,Alegre
2,6,3,14,Alegre
2,6,3,15,Alegre
2,6,3,16,Alegre
2,6,3,17,Poderoso
2,6,3,18,Tranquilo
2,6,5,2,Neutral
2,6,5,3,Neutral
2,6,5,4,Tranquilo
2,6,5,5,Alegre
2,6,5,6,Poderoso
2,6,5,7,Triste
2,6,5,8,Neutral
2,6,5,9,Triste
2,6,5,10,Neutral
2,6,5,11,Triste
2,6,5,12,Neutral
2,6,5,13,Asustado
2,6,5,14,Tranquilo
2,6,5,15,Asustado
2,6,5,16,Neutral
2,6,5,17,Alegre
2,7,1,2,Triste
2,7,1,3,Neutral
2,7,1,4,Triste
2,7,1,5,Neutral
2,7,1,6,Asustado
2,7,1,7,Neutral
2,7,1,8,Poderoso
2,7,1,9,Triste
2,7,1,10,Neutral
2,7,1,11,Neutral
2,7,1,12,Asustado
2,7,1,13,Alegre
2,7,5,2,Asustado
2,7,5,3,Asustado
2,7,5,4,Neutral
2,7,5,5,Neutral
2,7,5,6,Neutral
2,7,5,7,Enojado
2,7,5,8,Alegre
2,7,5,9,Neutral
2,7,5,10,Triste
2,7,5,11,Triste
2,7,5,12,Neutral
2,7,5,13,Neutral
2,7,5,14,Neutral
2,7,5,15,Neutral
2,7,5,16,Neutral
2,7,5,17,Neutral
2,7,6,2,Neutral
2,7,6,3,Asustado
2,7,6,4,Triste
2,7,6,5,Poderoso
2,7,6,6,Alegre
2,7,6,7,Poderoso
2,7,6,8,Alegre
2,7,7,2,Tranquilo
2,7,7,3,Neutral
2,7,7,4,Alegre
2,7,7,5,Neutral
2,7,7,6,Tranquilo
2,7,7,7,Triste
2,7,7,8,Triste
2,7,7,9,Triste
2,7,7,10,Triste
2,7,7,11,Alegre
2,7,7,12,Neutral
2,7,7,13,Poderoso
2,7,7,14,Neutral
2,7,7,15,Neutral
2,7,7,16,Asustado
2,7,7,17,Poderoso
2,7,7,18,Enojado
2,7,7,19,Neutral
2,7,7,20,Neutral
2,7,7,21,Tranquilo
2,7,7,22,Neutral
2,7,7,23,Enojado
2,7,8,2,Enojado
2,7,8,3,Neutral
2,7,8,4,Poderoso
2,7,8,5,Neutral
2,7,8,6,Poderoso
2,7,8,7,Poderoso
2,7,10,2,Neutral
2,7,10,3,Neutral
2,7,10,4,Neutral
2,7,10,5,Triste
2,7,10,6,Neutral
2,7,10,7,Neutral
2,7,10,8,Alegre
2,7,10,9,Alegre
2,7,10,10,Alegre
2,7,10,11,Alegre
2,7,10,12,Neutral
2,7,10,13,Neutral
2,7,10,14,Neutral
2,7,10,15,Alegre
2,7,10,16,Alegre
2,7,10,17,Alegre
2,7,10,18,Alegre
2,7,10,19,Alegre
2,7,11,2,Neutral
2,7,11,3,Triste
2,7,11,4,Neutral
2,7,11,5,Enojado
2,7,11,6,Neutral
2,7,11,7,Triste
2,7,11,8,Triste
2,7,11,9,Enojado
2,7,11,10,Enojado
2,7,11,11,Enojado
2,7,11,12,Enojado
2,7,11,13,Triste
2,7,11,14,Triste
2,7,11,15,Triste
2,7,11,16,Enojado
2,7,11,17,Enojado
2,7,11,18,Enojado
2,7,11,19,Enojado
2,7,11,20,Enojado
2,7,11,21,Enojado
2,7,11,22,Enojado
2,7,11,23,Enojado
2,7,11,24,Enojado
2,7,11,25,Enojado
2,7,11,26,Tranquilo
2,7,12,2,Poderoso
2,7,12,3,Poderoso
2,7,12,4,Enojado
2,7,12,5,Alegre
2,7,12,6,Tranquilo
2,7,12,7,Alegre
2,7,12,8,Neutral
2,7,12,9,Neutral
2,7,12,10,Neutral
2,7,12,11,Triste
2,7,12,12,Neutral
2,7,12,13,Triste
2,7,12,14,Neutral
2,7,12,15,Triste
2,7,12,16,Neutral
2,7,12,17,Neutral
2,7,12,18,Neutral
2,7,12,19,Neutral
2,7,12,20,Alegre
2,8,1,2,Alegre
2,8,1,3,Alegre
2,8,1,4,Alegre
2,8,1,5,Alegre
2,8,1,6,Alegre
2,8,1,7,Neutral
2,8,1,8,Neutral
2,8,1,9,Neutral
2,8,1,10,Alegre
2,8,1,11,Alegre
2,8,1,12,Neutral
2,8,1,13,Alegre
2,8,1,14,Alegre
2,8,4,2,Alegre
2,8,4,3,Neutral
2,8,4,4,Neutral
2,8,4,5,Asustado
2,8,4,6,Neutral
2,8,4,7,Asustado
2,8,4,8,Poderoso
2,8,4,9,Enojado
2,8,4,10,Neutral
2,8,4,11,Enojado
2,8,4,12,Poderoso
2,8,4,13,Enojado
2,8,4,14,Poderoso
2,8,4,15,Neutral
2,8,4,16,Neutral
2,8,4,17,Enojado
2,8,4,18,Poderoso
2,8,4,19,Enojado
2,8,4,20,Poderoso
2,8,4,21,Alegre
2,8,4,22,Poderoso
2,8,4,23,Alegre
2,8,5,2,Neutral
2,8,5,3,Enojado
2,8,5,4,Neutral
2,8,5,5,Neutral
2,8,5,6,Alegre
2,8,5,7,Neutral
2,8,5,8,Neutral
2,8,5,9,Neutral
2,8,5,10,Neutral
2,8,5,11,Triste
2,8,5,12,Enojado
2,8,5,13,Poderoso
2,8,6,2,Asustado
2,8,6,3,Enojado
2,8,6,4,Tranquilo
2,8,6,5,Enojado
2,8,6,6,Alegre
2,8,6,7,Tranquilo
2,8,6,8,Neutral
2,8,6,9,Alegre
2,8,6,10,Neutral
2,8,6,11,Tranquilo
2,8,6,12,Neutral
2,8,6,13,Tranquilo
2,8,6,14,Alegre
2,8,6,15,Neutral
2,8,6,16,Alegre
2,8,6,17,Neutral
2,8,6,18,Triste
2,8,7,2,Neutral
2,8,7,3,Enojado
2,8,7,4,Asustado
2,8,7,5,Enojado
2,8,7,6,Triste
2,8,9,2,Alegre
2,8,9,3,Poderoso
2,8,9,4,Asustado
2,8,9,5,Neutral
2,8,9,6,Neutral
2,8,9,7,Neutral
2,8,9,8,Alegre
2,8,9,9,Neutral
2,8,9,10,Neutral
2,8,9,11,Tranquilo
2,8,9,12,Neutral
2,8,9,13,Asustado
2,8,9,14,Neutral
2,8,10,2,Asustado
2,8,10,3,Enojado
2,8,10,4,Neutral
2,8,10,5,Enojado
2,8,10,6,Neutral
2,8,10,7,Tranquilo
2,8,10,8,Tranquilo
2,8,10,9,Neutral
2,8,10,10,Alegre
2,8,10,11,Neutral
2,8,10,12,Asustado
2,8,10,13,Tranquilo
2,8,10,14,Asustado
2,8,10,15,Enojado
2,8,10,16,Asustado
2,8,10,17,Enojado
2,8,10,18,Asustado
2,8,10,19,Enojado
2,8,10,20,Asustado
2,8,10,21,Triste
2,8,10,22,Tranquilo
2,8,10,23,Triste
2,8,10,24,Tranquilo
2,8,10,25,Asustado
2,8,10,26,Asustado
2,8,11,2,Neutral
2,8,11,3,Neutral
2,8,11,4,Asustado
2,8,11,5,Triste
2,8,11,6,Triste
2,8,11,7,Triste
2,8,11,8,Asustado
2,8,11,9,Neutral
2,8,12,3,Neutral
2,8,12,4,Neutral
2,8,12,5,Tranquilo
2,8,12,6,Neutral
2,8,12,7,Asustado
2,8,12,8,Poderoso
2,8,12,9,Poderoso
2,8,12,10,Alegre
2,8,13,2,Neutral
2,8,13,3,Triste
2,8,13,4,Neutral
2,8,13,5,Triste
2,8,13,6,Triste
2,9,1,2,Alegre
2,9,1,3,Neutral
2,9,1,4,Neutral
2,9,1,5,Neutral
2,9,1,6,Neutral
2,9,1,7,Neutral
2,9,1,8,Neutral
2,9,1,9,Alegre
2,9,1,10,Neutral
2,9,1,11,Neutral
2,9,1,12,Neutral
2,9,1,13,Asustado
2,9,1,14,Neutral
2,9,1,15,Neutral
2,9,1,16,Neutral
2,9,1,17,Tranquilo
2,9,1,18,Asustado
2,9,1,19,Asustado
2,9,1,20,Asustado
2,9,1,21,Enojado
2,9,1,22,Enojado
2,9,1,23,Enojado
2,9,3,2,Neutral
2,9,3,3,Neutral
2,9,3,4,Alegre
2,9,3,5,Neutral
2,9,3,6,Asustado
2,9,3,7,Asustado
2,9,3,8,Asustado
2,9,3,9,Alegre
2,9,3,10,Asustado
2,9,3,11,Asustado
2,9,3,12,Enojado
2,9,3,13,Asustado
2,9,3,14,Poderoso
2,9,3,15,Triste
2,9,3,16,Triste
2,9,3,17,Triste
2,9,3,18,Enojado
2,9,3,19,Neutral
2,9,3,20,Triste
2,9,3,21,Neutral
2,9,3,22,Triste
2,9,3,23,Triste
2,9,3,24,Neutral
2,9,4,2,Triste
2,9,4,3,Triste
2,9,4,4,Neutral
2,9,4,5,Neutral
2,9,4,6,Neutral
2,9,4,7,Neutral
2,9,4,8,Asustado
2,9,4,9,Tranquilo
2,9,4,10,Triste
2,9,4,11,Neutral
2,9,4,12,Neutral
2,9,4,13,Neutral
2,9,4,14,Neutral
2,9,4,15,Neutral
2,9,4,16,Alegre
2,9,4,17,Neutral
2,9,4,18,Neutral
2,9,4,19,Alegre
2,9,4,20,Tranquilo
2,9,4,21,Enojado
2,9,4,22,Neutral
2,9,4,23,Enojado
2,9,4,24,Asustado
2,9,4,25,Alegre
2,9,5,2,Asustado
2,9,5,3,Neutral
2,9,5,4,Neutral
2,9,5,5,Tranquilo
2,9,5,6,Neutral
2,9,5,7,Asustado
2,9,5,8,Neutral
2,9,5,9,Triste
2,9,5,10,Asustado
2,9,5,11,Poderoso
2,9,5,12,Tranquilo
2,9,5,13,Neutral
2,9,5,14,Tranquilo
2,9,6,2,Neutral
2,9,6,3,Enojado
2,9,6,4,Asustado
2,9,6,5,Asustado
2,9,6,6,Alegre
2,9,6,7,Neutral
2,9,6,8,Neutral
2,9,6,9,Neutral
2,9,6,10,Neutral
2,9,6,11,Alegre
2,9,6,12,Alegre
2,9,6,13,Tranquilo
2,9,6,14,Neutral
2,9,6,15,Neutral
2,9,6,16,Poderoso
2,9,6,17,Asustado
2,9,6,18,Tranquilo
2,9,6,19,Asustado
2,9,6,20,Tranquilo
2,9,6,21,Asustado
2,9,6,22,Asustado
2,9,7,2,Asustado
2,9,7,3,Enojado
2,9,7,4,Enojado
2,9,7,5,Tranquilo
2,9,7,6,Neutral
2,9,7,7,Enojado
2,9,7,8,Asustado
2,9,7,9,Enojado
2,9,7,10,Asustado
2,9,7,11,Enojado
2,9,7,12,Asustado
2,9,7,13,Enojado
2,9,7,14,Tranquilo
2,9,7,15,Alegre
2,9,7,16,Enojado
2,9,7,17,Asustado
2,9,7,18,Neutral
2,9,7,19,Triste
2,9,7,20,Alegre
2,9,8,2,Tranquilo
2,9,8,3,Neutral
2,9,8,4,Alegre
2,9,8,5,Neutral
2,9,8,6,Neutral
2,9,8,7,Asustado
2,9,8,8,Neutral
2,9,8,9,Neutral
2,9,8,10,Asustado
2,9,10,2,Neutral
2,9,10,3,Alegre
2,9,10,4,Neutral
2,9,10,5,Alegre
2,9,10,6,Neutral
2,9,10,7,Tranquilo
2,9,10,8,Asustado
2,9,10,9,Poderoso
2,9,10,10,Alegre
2,9,10,11,Tranquilo
2,9,10,12,Asustado
2,9,10,13,Tranquilo
2,9,10,14,Neutral
2,9,10,15,Tranquilo
2,9,10,16,Tranquilo
2,9,10,17,Triste
2,9,10,18,Tranquilo
2,9,10,19,Neutral
2,9,11,2,Asustado
2,9,11,3,Alegre
2,9,11,4,Triste
2,9,11,5,Alegre
2,9,11,6,Triste
2,9,11,7,Poderoso
2,9,11,8,Triste
2,9,11,9,Tranquilo
2,9,11,10,Alegre
2,9,11,11,Alegre
2,9,12,2,Neutral
2,9,12,3,Asustado
2,9,12,4,Alegre
2,9,12,5,Neutral
2,9,12,6,Asustado
2,9,12,7,Alegre
2,9,12,8,Triste
2,9,12,9,Neutral
2,9,12,10,Asustado
2,9,12,11,Neutral
2,9,12,12,Enojado
2,9,12,13,Alegre
2,9,12,14,Alegre
2,10,3,2,Neutral
2,10,3,3,Alegre
2,10,3,4,Alegre
2,10,3,5,Neutral
2,10,3,6,Neutral
2,10,3,7,Alegre
2,10,3,8,Asustado
2,10,3,9,Tranquilo
2,10,3,10,Asustado
2,10,3,11,Neutral
2,10,5,2,Neutral
2,10,5,3,Neutral
2,10,5,4,Triste
2,10,5,5,Alegre
2,10,5,6,Alegre
2,10,5,7,Neutral
2,10,5,8,Asustado
2,10,5,9,Triste
2,10,5,10,Neutral
2,10,5,11,Triste
2,10,5,12,Neutral
2,10,5,13,Triste
2,10,5,14,Neutral
2,10,5,15,Neutral
2,10,5,16,Tranquilo
2,10,5,17,Alegre
2,10,5,18,Alegre
2,10,5,19,Asustado
2,10,5,20,Tranquilo
2,10,5,21,Tranquilo
2,10,6,2,Neutral
2,10,6,3,Triste
2,10,6,4,Neutral
2,10,6,5,Triste
2,10,6,6,Neutral
2,10,6,7,Neutral
2,10,9,2,Neutral
2,10,9,3,Neutral
2,10,9,4,Neutral
2,10,9,5,Triste
2,10,9,6,Neutral
2,10,9,7,Neutral
2,10,9,8,Neutral
2,10,9,9,Neutral
2,10,9,10,Neutral
2,10,9,11,Neutral
2,10,9,12,Tranquilo
2,10,9,13,Neutral
2,11,1,2,Neutral
2,11,1,3,Neutral
2,11,1,4,Tranquilo
2,11,1,5,Tranquilo
2,11,1,6,Neutral
2,11,1,8,Neutral
2,11,1,9,Asustado
2,11,1,10,Neutral
2,11,1,11,Neutral
2,11,1,12,Neutral
2,11,1,13,Neutral
2,11,1,14,Asustado
2,11,1,15,Neutral
2,11,1,16,Asustado
2,11,1,17,Neutral
2,11,1,18,Neutral
2,11,1,19,Enojado
2,11,1,20,Neutral
2,11,1,21,Neutral
2,11,1,22,Neutral
2,11,3,2,Alegre
2,11,3,3,Alegre
2,11,3,4,Alegre
2,11,3,5,Neutral
2,11,3,6,Neutral
2,11,3,7,Tranquilo
2,11,3,8,Tranquilo
2,11,3,9,Asustado
2,11,3,10,Triste
2,11,3,11,Asustado
2,11,3,12,Alegre
2,11,3,13,Triste
2,11,3,14,Tranquilo
2,11,3,15,Triste
2,11,3,16,Asustado
2,11,3,17,Asustado
2,11,7,2,Neutral
2,11,7,3,Tranquilo
2,11,7,4,Alegre
2,11,7,5,Enojado
2,11,7,6,Neutral
2,11,7,7,Triste
2,11,7,8,Neutral
2,11,7,9,Enojado
2,11,7,10,Neutral
2,11,7,11,Triste
2,11,7,12,Neutral
2,11,7,13,Triste
2,11,7,14,Neutral
2,11,7,15,Asustado
2,11,7,16,Poderoso
2,11,7,17,Enojado
2,11,7,18,Neutral
2,11,7,19,Enojado
2,11,7,20,Enojado
2,11,7,21,Neutral
2,11,7,22,Asustado
2,11,7,23,Poderoso
2,11,7,24,Poderoso
2,11,8,2,Poderoso
2,11,8,3,Alegre
2,11,8,4,Enojado
2,11,8,5,Neutral
2,11,8,6,Triste
2,11,8,7,Tranquilo
2,11,8,8,Poderoso
2,11,8,9,Alegre
2,11,9,2,Alegre
2,11,9,3,Poderoso
2,11,9,4,Tranquilo
2,11,9,5,Asustado
2,11,9,6,Triste
2,11,9,7,Triste
2,11,9,8,Enojado
2,11,9,9,Tranquilo
2,11,9,10,Poderoso
2,11,9,11,Alegre
2,11,9,12,Alegre
2,11,9,13,Alegre
2,11,10,2,Neutral
2,11,10,3,Neutral
2,11,10,4,Neutral
2,11,10,5,Neutral
2,11,10,6,Neutral
2,11,10,7,Neutral
2,11,10,8,Neutral
2,11,10,9,Neutral
2,11,10,10,Triste
2,11,11,2,Neutral
2,11,11,3,Tranquilo
2,11,11,4,Neutral
2,11,11,5,Neutral
2,11,11,6,Neutral
2,11,11,7,Alegre
2,11,11,8,Enojado
2,11,11,9,Alegre
2,12,1,3,Triste
2,12,1,4,Triste
2,12,1,5,Triste
2,12,1,6,Triste
2,12,1,7,Neutral
2,12,1,8,Triste
2,12,1,9,Tranquilo
2,12,1,10,Triste
2,12,1,11,Alegre
2,12,2,3,Alegre
2,12,2,4,Alegre
2,12,2,5,Alegre
2,12,2,6,Alegre
2,12,2,7,Alegre
2,12,2,8,Alegre
2,12,2,9,Asustado
2,12,2,10,Poderoso
2,12,2,11,Alegre
2,12,2,12,Neutral
2,12,2,13,Enojado
2,12,2,14,Alegre
2,12,2,15,Alegre
2,12,2,16,Alegre
2,12,2,17,Alegre
2,12,2,18,Alegre
2,12,2,19,Poderoso
2,12,2,20,Tranquilo
2,12,2,21,Alegre
2,12,2,22,Alegre
2,12,2,23,Poderoso
2,12,2,24,Alegre
2,12,3,2,Tranquilo
2,12,3,3,Alegre
2,12,3,4,Neutral
2,12,3,5,Neutral
2,12,3,6,Asustado
2,12,3,7,Neutral
2,12,3,8,Poderoso
2,12,3,9,Asustado
2,12,3,10,Neutral
2,12,3,11,Neutral
2,12,3,12,Neutral
2,12,3,13,Asustado
2,12,3,14,Neutral
2,12,3,15,Asustado
2,12,3,16,Alegre
2,12,3,17,Alegre
2,12,3,18,Neutral
2,12,4,2,Neutral
2,12,4,3,Asustado
2,12,4,4,Triste
2,12,4,5,Asustado
2,12,4,6,Triste
2,12,4,7,Asustado
2,12,4,8,Neutral
2,12,4,9,Enojado
2,12,4,10,Neutral
2,12,4,11,Enojado
2,12,4,12,Tranquilo
2,12,5,3,Alegre
2,12,5,4,Tranquilo
2,12,5,5,Enojado
2,12,5,6,Enojado
2,12,5,7,Neutral
2,12,5,8,Tranquilo
2,12,5,9,Enojado
2,12,5,10,Tranquilo
2,12,5,11,Asustado
2,12,5,12,Asustado
2,12,5,13,Poderoso
2,12,5,14,Tranquilo
2,12,5,15,Asustado
2,12,5,16,Tranquilo
2,12,5,17,Asustado
2,12,5,18,Poderoso
2,12,5,19,Alegre
2,12,5,20,Alegre
2,12,5,21,Alegre
2,12,6,2,Alegre
2,12,6,3,Asustado
2,12,6,4,Tranquilo
2,12,6,5,Tranquilo
2,12,6,6,Neutral
2,12,6,7,Neutral
2,12,6,8,Alegre
2,12,6,9,Alegre
2,12,6,10,Alegre
2,12,6,11,Alegre
2,12,6,12,Asustado
2,12,6,13,Tranquilo
2,12,8,2,Asustado
2,12,8,3,Neutral
2,12,8,4,Enojado
2,12,8,5,Neutral
2,12,8,6,Tranquilo
2,12,8,7,Alegre
2,12,8,8,Neutral
2,12,8,9,Alegre
2,12,9,2,Neutral
2,12,9,3,Alegre
2,12,9,4,Alegre
2,12,9,5,Neutral
2,12,9,6,Alegre
2,12,9,7,Tranquilo
2,12,9,8,Poderoso
2,12,9,9,Alegre
2,12,9,10,Asustado
2,12,9,11,Neutral
2,12,9,12,Neutral
2,12,9,13,Alegre
2,12,9,14,Tranquilo
2,12,9,15,Tranquilo
2,12,9,16,Neutral
2,12,9,17,Alegre
2,12,9,18,Neutral
2,12,10,2,Alegre
2,12,10,3,Neutral
2,12,10,4,Poderoso
2,12,10,5,Asustado
2,12,10,6,Alegre
2,12,10,7,Asustado
2,12,10,8,Asustado
2,12,10,9,Neutral
2,12,10,10,Asustado
2,12,10,11,Neutral
2,12,10,12,Poderoso
2,12,10,13,Triste
2,12,10,14,Poderoso
2,12,10,15,Neutral
2,12,10,16,Neutral
2,12,10,17,Asustado
2,12,10,18,Poderoso
2,12,10,19,Triste
2,12,10,20,Neutral
2,12,10,21,Neutral
2,12,11,2,Alegre
2,12,11,3,Neutral
2,12,11,4,Neutral
2,12,11,5,Neutral
2,12,11,6,Neutral
2,12,11,7,Neutral
2,12,11,8,Alegre
2,12,13,2,Enojado
2,12,13,3,Triste
2,12,13,4,Enojado
2,12,13,5,Neutral
2,12,13,6,Neutral
2,12,13,7,Neutral
2,12,13,8,Enojado
2,12,13,9,Neutral
2,12,13,10,Neutral
2,12,14,2,Alegre
2,12,14,3,Alegre
2,12,14,4,Alegre
2,12,14,5,Alegre
2,12,14,6,Triste
2,12,14,7,Tranquilo
2,12,14,8,Neutral
2,12,14,9,Alegre
2,12,14,10,Tranquilo
2,12,14,11,Alegre
2,12,14,12,Alegre
2,12,15,2,Alegre
2,12,15,3,Alegre
2,12,15,4,Poderoso
2,12,15,5,Neutral
2,12,15,6,Poderoso
2,12,15,7,Asustado
2,12,15,8,Neutral
2,12,15,9,Neutral
2,12,15,10,Alegre
2,13,2,2,Tranquilo
2,13,2,3,Alegre
2,13,2,4,Neutral
2,13,2,5,Alegre
2,13,2,6,Triste
2,13,2,7,Neutral
2,13,2,8,Neutral
2,13,2,9,Enojado
2,13,2,10,Neutral
2,13,2,11,Neutral
2,13,2,12,Neutral
2,13,2,13,Neutral
2,13,2,14,Neutral
2,13,2,15,Neutral
2,13,2,16,Neutral
2,13,2,17,Neutral
2,13,2,18,Alegre
2,13,2,19,Alegre
2,13,2,20,Neutral
2,13,2,21,Asustado
2,13,2,22,Neutral
2,13,3,2,Asustado
2,13,3,3,Tranquilo
2,13,3,4,Neutral
2,13,3,5,Poderoso
2,13,3,6,Asustado
2,13,3,7,Poderoso
2,13,3,8,Asustado
2,13,3,9,Alegre
2,13,3,10,Alegre
2,13,4,2,Alegre
2,13,4,3,Alegre
2,13,4,4,Neutral
2,13,4,5,Alegre
2,13,4,6,Triste
2,13,7,2,Alegre
2,13,7,3,Neutral
2,13,7,4,Alegre
2,13,7,5,Neutral
2,13,7,6,Neutral
2,13,7,7,Neutral
2,13,8,2,Enojado
2,13,8,3,Enojado
2,13,8,4,Enojado
2,13,8,5,Enojado
2,13,8,6,Enojado
2,13,8,7,Asustado
2,13,8,8,Enojado
2,13,8,9,Alegre
2,13,8,10,Asustado
2,13,8,11,Enojado
2,13,8,12,Asustado
2,13,8,13,Enojado
2,13,8,14,Enojado
2,13,8,15,Poderoso
2,13,8,16,Tranquilo
2,13,8,17,Tranquilo
2,13,8,18,Triste
2,13,8,19,Tranquilo
2,13,8,20,Triste
2,13,9,3,Neutral
2,13,9,4,Neutral
2,13,9,5,Neutral
2,13,9,6,Neutral
2,13,9,7,Neutral
2,13,9,8,Neutral
2,13,9,9,Neutral
2,13,9,10,Neutral
2,13,9,11,Neutral
2,13,9,12,Neutral
2,13,9,13,Neutral
2,13,9,14,Neutral
2,13,9,15,Neutral
2,13,9,16,Alegre
2,13,9,17,Enojado
2,13,9,18,Neutral
2,13,9,19,Alegre
2,13,9,20,Neutral
2,13,9,21,Neutral
2,13,9,22,Neutral
2,13,9,23,Neutral
2,13,9,24,Neutral
2,13,9,25,Neutral
2,13,9,26,Neutral
2,13,9,27,Neutral
2,13,10,2,Neutral
2,13,10,3,Neutral
2,13,10,4,Neutral
2,13,10,5,Neutral
2,13,10,6,Triste
2,13,10,7,Triste
2,13,10,8,Alegre
2,13,10,9,Alegre
2,13,11,2,Triste
2,13,11,3,Neutral
2,13,11,4,Neutral
2,13,11,5,Neutral
2,13,11,6,Neutral
2,13,11,7,Neutral
2,13,11,8,Asustado
2,13,11,9,Enojado
2,13,11,10,Neutral
2,13,11,11,Enojado
2,13,11,12,Tranquilo
2,13,11,13,Neutral
2,13,11,14,Neutral
2,13,12,2,Triste
2,13,12,3,Neutral
2,13,12,4,Neutral
2,13,12,5,Neutral
2,13,12,6,Neutral
2,13,12,7,Neutral
2,13,13,2,Alegre
2,13,13,3,Asustado
2,13,13,4,Poderoso
2,13,13,5,Tranquilo
2,13,13,6,Asustado
2,13,13,7,Poderoso
2,13,13,8,Neutral
2,13,13,9,Asustado
2,13,13,10,Poderoso
2,13,13,11,Asustado
2,14,1,2,Neutral
2,14,1,3,Neutral
2,14,1,4,Alegre
2,14,1,5,Asustado
2,14,1,6,Neutral
2,14,1,7,Alegre
2,14,1,8,Alegre
2,14,1,9,Tranquilo
2,14,1,10,Tranquilo
2,14,1,11,Neutral
2,14,1,12,Alegre
2,14,1,13,Neutral
2,14,1,14,Alegre
2,14,1,15,Tranquilo
2,14,1,16,Alegre
2,14,1,17,Asustado
2,14,1,18,Alegre
2,14,1,19,Tranquilo
2,14,1,20,Alegre
2,14,1,21,Neutral
2,14,2,2,Neutral
2,14,2,3,Alegre
2,14,2,4,Neutral
2,14,2,5,Alegre
2,14,2,6,Neutral
2,14,2,7,Poderoso
2,14,2,8,Neutral
2,14,2,9,Poderoso
2,14,2,10,Neutral
2,14,2,11,Asustado
2,14,2,12,Neutral
2,14,2,13,Alegre
2,14,2,14,Alegre
2,14,2,15,Asustado
2,14,2,16,Poderoso
2,14,2,17,Asustado
2,14,2,18,Alegre
2,14,2,19,Asustado
2,14,2,20,Alegre
2,14,2,21,Asustado
2,14,2,22,Alegre
2,14,2,23,Asustado
2,14,2,24,Alegre
2,14,2,25,Enojado
2,14,3,2,Alegre
2,14,3,3,Alegre
2,14,3,4,Asustado
2,14,3,5,Alegre
2,14,3,6,Enojado
2,14,3,7,Alegre
2,14,3,8,Asustado
2,14,3,9,Enojado
2,14,3,10,Neutral
2,14,3,11,Alegre
2,14,3,12,Alegre
2,14,3,13,Alegre
2,14,3,14,Neutral
2,14,3,15,Alegre
2,14,3,16,Asustado
2,14,3,17,Triste
2,14,3,18,Alegre
2,14,3,19,Asustado
2,14,3,20,Neutral
2,14,3,21,Enojado
2,14,3,22,Asustado
2,14,3,23,Alegre
2,14,4,2,Neutral
2,14,4,3,Neutral
2,14,4,4,Neutral
2,14,4,5,Neutral
2,14,4,6,Neutral
2,14,4,7,Alegre
2,14,4,8,Enojado
2,14,4,9,Alegre
2,14,4,10,Enojado
2,14,4,11,Neutral
2,14,4,12,Neutral
2,14,4,13,Tranquilo
2,14,4,14,Neutral
2,14,4,15,Neutral
2,14,4,16,Asustado
2,14,4,17,Neutral
2,14,5,2,Neutral
2,14,5,3,Tranquilo
2,14,5,4,Poderoso
2,14,5,5,Neutral
2,14,5,6,Neutral
2,14,5,7,Alegre
2,14,5,8,Asustado
2,14,5,9,Enojado
2,14,5,10,Tranquilo
2,14,5,11,Enojado
2,14,5,12,Neutral
2,14,5,13,Enojado
2,14,7,2,Alegre
2,14,7,3,Neutral
2,14,7,4,Neutral
2,14,7,5,Enojado
2,14,7,6,Triste
2,14,7,7,Enojado
2,14,7,8,Triste
2,14,8,2,Alegre
2,14,8,3,Neutral
2,14,8,4,Alegre
2,14,8,5,Neutral
2,14,8,6,Alegre
2,14,8,7,Alegre
2,14,8,8,Neutral
2,14,8,9,Asustado
2,14,8,10,Asustado
2,14,8,11,Poderoso
2,14,8,12,Asustado
2,14,8,13,Neutral
2,14,8,14,Asustado
2,14,8,15,Asustado
2,14,8,16,Tranquilo
2,14,8,17,Neutral
2,14,8,18,Tranquilo
2,14,8,19,Asustado
2,14,9,2,Enojado
2,14,9,3,Enojado
2,14,9,4,Enojado
2,14,9,5,Tranquilo
2,14,9,6,Neutral
2,14,9,7,Asustado
2,14,9,8,Neutral
2,14,9,9,Alegre
2,14,9,10,Poderoso
2,14,9,11,Tranquilo
2,14,9,12,Enojado
2,14,9,13,Asustado
2,14,9,14,Alegre
2,14,9,15,Tranquilo
2,14,11,2,Neutral
2,14,11,3,Neutral
2,14,11,4,Neutral
2,14,11,5,Alegre
2,14,11,6,Neutral
2,14,11,7,Alegre
2,14,11,8,Alegre
2,14,11,9,Asustado
2,15,1,2,Alegre
2,15,1,3,Alegre
2,15,1,4,Alegre
2,15,1,5,Alegre
2,15,1,6,Alegre
2,15,1,7,Alegre
2,15,1,8,Alegre
2,15,1,9,Neutral
2,15,1,10,Neutral
2,15,1,11,Alegre
2,15,1,12,Alegre
2,15,1,13,Alegre
2,15,1,14,Alegre
2,15,1,15,Alegre
2,15,1,16,Tranquilo
2,15,3,2,Alegre
2,15,3,3,Triste
2,15,3,4,Neutral
2,15,3,5,Neutral
2,15,3,6,Alegre
2,15,3,7,Alegre
2,15,3,8,Alegre
2,15,3,9,Alegre
2,15,3,10,Tranquilo
2,15,3,11,Neutral
2,15,3,12,Neutral
2,15,3,13,Triste
2,15,3,14,Triste
2,15,3,15,Neutral
2,15,3,16,Tranquilo
2,15,5,2,Poderoso
2,15,5,3,Neutral
2,15,5,4,Neutral
2,15,5,5,Neutral
2,15,5,6,Alegre
2,15,5,7,Neutral
2,15,5,8,Neutral
2,15,5,9,Alegre
2,15,5,10,Alegre
2,15,5,11,Enojado
2,15,5,12,Alegre
2,15,5,13,Asustado
2,15,5,14,Alegre
2,15,5,15,Asustado
2,15,5,16,Alegre
2,15,5,17,Neutral
2,15,5,18,Tranquilo
2,15,5,19,Neutral
2,15,7,2,Alegre
2,15,7,3,Alegre
2,15,7,4,Neutral
2,15,7,5,Neutral
2,15,7,6,Asustado
2,15,7,7,Neutral
2,15,7,8,Tranquilo
2,15,7,9,Asustado
2,15,7,10,Alegre
2,15,7,11,Asustado
2,15,7,12,Triste
2,15,7,13,Neutral
2,15,7,14,Triste
2,15,7,15,Neutral
2,15,7,16,Neutral
2,15,7,17,Triste
2,15,7,18,Asustado
2,15,7,19,Neutral
2,15,7,20,Tranquilo
2,15,7,21,Triste
2,15,7,22,Alegre
2,15,7,23,Alegre
2,15,7,24,Asustado
2,15,7,25,Alegre
2,15,8,2,Neutral
2,15,8,3,Alegre
2,15,8,4,Tranquilo
2,15,8,5,Tranquilo
2,15,8,6,Tranquilo
2,15,8,7,Alegre
2,15,8,8,Neutral
2,15,8,9,Neutral
2,15,8,10,Neutral
2,15,8,11,Neutral
2,15,8,12,Alegre
2,15,8,13,Neutral
2,15,8,14,Neutral
2,15,8,15,Alegre
2,15,11,2,Alegre
2,15,11,3,Neutral
2,15,11,4,Neutral
2,15,11,5,Alegre
2,15,11,6,Neutral
2,15,11,7,Alegre
2,15,11,8,Neutral
2,15,11,9,Neutral
2,15,11,10,Poderoso
2,15,11,11,Tranquilo
2,15,11,12,Neutral
2,15,11,13,Neutral
2,15,11,14,Poderoso
2,15,11,15,Neutral
2,15,11,16,Tranquilo
2,15,11,17,Tranquilo
2,15,11,18,Asustado
2,15,11,19,Asustado
2,15,11,20,Alegre
2,15,11,21,Enojado
2,15,12,2,Neutral
2,15,12,3,Neutral
2,15,12,4,Triste
2,15,12,5,Neutral
2,15,12,6,Neutral
2,15,12,7,Enojado
2,15,12,8,Neutral
2,15,12,9,Neutral
2,15,12,10,Poderoso
2,15,12,11,Asustado
2,15,13,2,Asustado
2,15,13,3,Poderoso
2,15,13,4,Neutral
2,15,13,5,Poderoso
2,15,13,6,Enojado
2,15,13,7,Triste
2,15,13,8,Neutral
2,15,13,9,Alegre
2,15,13,10,Tranquilo
2,15,13,11,Triste
2,15,13,12,Neutral
2,15,13,13,Asustado
2,15,13,14,Alegre
2,15,13,15,Alegre
2,15,13,16,Alegre
2,15,13,17,Neutral
2,15,14,2,Neutral
2,15,14,3,Tranquilo
2,15,14,4,Asustado
2,15,14,5,Asustado
2,15,14,6,Asustado
2,16,1,2,Asustado
2,16,1,3,Asustado
2,16,1,4,Asustado
2,16,1,5,Asustado
2,16,1,6,Asustado
2,16,1,7,Neutral
2,16,1,8,Enojado
2,16,1,9,Neutral
2,16,1,10,Enojado
2,16,1,11,Asustado
2,16,1,12,Tranquilo
2,16,1,13,Poderoso
2,16,3,2,Neutral
2,16,3,3,Asustado
2,16,3,4,Alegre
2,16,3,5,Alegre
2,16,3,6,Alegre
2,16,3,7,Alegre
2,16,3,8,Neutral
2,16,3,9,Alegre
2,16,3,10,Neutral
2,16,3,11,Neutral
2,16,4,2,Neutral
2,16,4,3,Neutral
2,16,4,4,Neutral
2,16,4,5,Asustado
2,16,4,6,Neutral
2,16,4,7,Alegre
2,16,4,8,Enojado
2,16,4,9,Tranquilo
2,16,5,2,Alegre
2,16,5,3,Alegre
2,16,5,4,Alegre
2,16,5,5,Alegre
2,16,5,6,Neutral
2,16,5,7,Alegre
2,16,5,8,Neutral
2,16,5,9,Neutral
2,16,5,10,Poderoso
2,16,5,11,Poderoso
2,16,5,12,Poderoso
2,16,5,13,Enojado
2,16,6,2,Alegre
2,16,6,3,Neutral
2,16,6,4,Neutral
2,16,6,5,Alegre
2,16,6,6,Neutral
2,16,6,7,Alegre
2,16,6,8,Enojado
2,16,6,9,Alegre
2,16,6,10,Alegre
2,16,6,11,Alegre
2,16,6,12,Asustado
2,16,6,13,Neutral
2,16,7,2,Enojado
2,16,7,3,Neutral
2,16,7,4,Asustado
2,16,7,5,Poderoso
2,16,7,6,Poderoso
2,16,7,7,Neutral
2,16,7,8,Poderoso
2,16,7,9,Neutral
2,16,7,10,Asustado
2,16,7,11,Asustado
2,16,7,12,Asustado
2,16,7,13,Neutral
2,16,7,14,Tranquilo
2,16,7,15,Alegre
2,16,7,16,Enojado
2,16,7,17,Neutral
2,16,7,18,Alegre
2,16,7,19,Asustado
2,16,7,20,Enojado
2,16,8,2,Alegre
2,16,8,3,Alegre
2,16,8,4,Poderoso
2,16,8,5,Triste
2,16,8,6,Neutral
2,16,8,7,Asustado
2,16,8,8,Triste
2,16,8,9,Asustado
2,16,8,10,Poderoso
2,16,8,11,Tranquilo
2,16,8,12,Alegre
2,16,8,13,Tranquilo
2,16,8,14,Enojado
2,16,8,15,Alegre
2,16,8,16,Alegre
2,16,8,17,Alegre
2,16,8,18,Alegre
2,16,8,19,Neutral
2,16,8,20,Alegre
2,16,8,21,Asustado
2,16,8,22,Alegre
2,16,8,23,Alegre
2,16,8,24,Alegre
2,16,9,2,Enojado
2,16,9,3,Poderoso
2,16,9,4,Asustado
2,16,9,5,Enojado
2,16,9,6,Poderoso
2,16,9,7,Neutral
2,16,9,8,Neutral
2,16,9,9,Poderoso
2,16,9,10,Enojado
2,16,9,11,Enojado
2,16,9,12,Neutral
2,16,9,13,Enojado
2,16,9,14,Enojado
2,16,9,15,Enojado
2,16,9,16,Enojado
2,16,10,2,Neutral
2,16,10,3,Neutral
2,16,10,4,Asustado
2,16,10,5,Asustado
2,16,10,6,Neutral
2,16,10,7,Asustado
2,16,10,8,Asustado
2,16,12,2,Alegre
2,16,12,3,Alegre
2,16,12,4,Tranquilo
2,16,12,5,Alegre
2,16,12,6,Asustado
2,16,12,7,Neutral
2,16,12,8,Neutral
2,16,12,9,Neutral
2,16,12,10,Triste
2,16,12,11,Neutral
2,16,12,12,Neutral
2,16,12,13,Neutral
2,16,16,2,Neutral
2,16,16,3,Alegre
2,16,16,4,Triste
2,16,16,5,Triste
2,16,16,6,Alegre
2,16,16,7,Asustado
2,16,16,8,Tranquilo
2,16,16,9,Neutral
2,16,16,10,Neutral
2,16,16,11,Neutral
2,16,16,12,Neutral
2,16,16,13,Triste
2,16,16,14,Triste
2,16,16,15,Triste
2,16,16,16,Neutral
2,16,16,17,Triste
2,16,16,18,Triste
2,17,1,2,Poderoso
2,17,1,3,Asustado
2,17,1,4,Enojado
2,17,1,5,Alegre
2,17,1,6,Tranquilo
2,17,1,7,Poderoso
2,17,1,8,Poderoso
2,17,1,9,Poderoso
2,17,1,10,Poderoso
2,17,1,11,Neutral
2,17,1,12,Neutral
2,17,1,13,Asustado
2,17,1,14,Tranquilo
2,17,1,15,Alegre
2,17,1,16,Tranquilo
2,17,1,17,Alegre
2,17,1,18,Tranquilo
2,17,1,19,Poderoso
2,17,1,20,Tranquilo
2,17,1,21,Poderoso
2,17,1,22,Asustado
2,17,1,23,Neutral
2,17,1,24,Asustado
2,17,2,3,Tranquilo
2,17,2,4,Alegre
2,17,2,5,Tranquilo
2,17,2,6,Alegre
2,17,2,7,Neutral
2,17,2,8,Alegre
2,17,2,10,Alegre
2,17,2,12,Alegre
2,17,2,13,Alegre
2,17,2,15,Alegre
2,17,2,16,Neutral
2,17,2,17,Alegre
2,17,2,18,Alegre
2,17,2,19,Asustado
2,17,3,2,Enojado
2,17,3,3,Neutral
2,17,3,4,Poderoso
2,17,3,5,Neutral
2,17,3,6,Enojado
2,17,3,7,Tranquilo
2,17,3,8,Enojado
2,17,3,9,Alegre
2,17,3,10,Neutral
2,17,3,11,Poderoso
2,17,3,12,Alegre
2,17,3,13,Enojado
2,17,3,14,Enojado
2,17,3,15,Enojado
2,17,3,16,Alegre
2,17,3,17,Enojado
2,17,4,2,Neutral
2,17,4,3,Tranquilo
2,17,4,4,Neutral
2,17,4,5,Neutral
2,17,4,6,Triste
2,17,4,7,Neutral
2,17,4,8,Tranquilo
2,17,4,9,Neutral
2,17,4,10,Neutral
2,17,4,11,Poderoso
2,17,4,12,Tranquilo
2,17,4,13,Neutral
2,17,4,14,Neutral
2,17,4,15,Alegre
2,17,4,16,Triste
2,17,4,17,Neutral
2,17,4,18,Tranquilo
2,17,4,19,Tranquilo
2,17,4,20,Poderoso
2,17,4,21,Neutral
2,17,5,2,Tranquilo
2,17,5,3,Poderoso
2,17,5,4,Tranquilo
2,17,5,5,Triste
2,17,5,6,Tranquilo
2,17,6,2,Enojado
2,17,6,3,Tranquilo
2,17,6,4,Poderoso
2,17,6,5,Poderoso
2,17,6,6,Asustado
2,17,6,7,Poderoso
2,17,7,2,Tranquilo
2,17,7,3,Asustado
2,17,7,4,Tranquilo
2,17,7,5,Alegre
2,17,7,6,Poderoso
2,17,7,7,Alegre
2,17,7,8,Tranquilo
2,17,7,9,Alegre
2,17,8,2,Asustado
2,17,8,3,Tranquilo
2,17,8,4,Asustado
2,17,8,5,Neutral
2,17,8,6,Neutral
2,17,8,7,Enojado
2,17,8,8,Poderoso
2,17,8,9,Enojado
2,17,8,10,Enojado
2,17,8,11,Enojado
2,17,8,12,Asustado
2,17,8,13,Enojado
2,17,8,14,Alegre
2,17,8,15,Enojado
2,17,9,2,Neutral
2,17,9,3,Neutral
2,17,9,4,Neutral
2,17,9,5,Asustado
2,17,9,6,Neutral
2,17,9,7,Neutral
2,17,9,8,Neutral
2,17,9,9,Neutral
2,17,9,10,Neutral
2,17,9,11,Enojado
2,17,9,12,Asustado
2,17,9,13,Enojado
2,17,9,14,Asustado
2,17,9,15,Neutral
2,17,9,16,Neutral
2,17,9,17,Alegre
2,17,9,18,Enojado
2,17,10,2,Enojado
2,17,10,3,Neutral
2,17,10,4,Triste
2,17,10,5,Neutral
2,17,10,6,Neutral
2,17,10,7,Alegre
2,17,10,9,Alegre
2,17,10,10,Alegre
2,17,10,11,Alegre
2,17,10,12,Neutral
2,17,10,13,Alegre
2,17,10,14,Asustado
2,17,11,2,Neutral
2,17,11,3,Neutral
2,17,11,4,Neutral
2,17,11,5,Neutral
2,17,11,6,Neutral
2,17,11,7,Neutral
2,17,11,8,Neutral
2,17,11,9,Tranquilo
2,17,11,10,Alegre
2,17,11,11,Neutral
2,17,11,12,Neutral
2,17,11,13,Neutral
2,17,11,14,Asustado
2,17,11,15,Neutral
2,17,11,16,Neutral
2,17,11,17,Neutral
2,17,11,18,Alegre
2,17,11,19,Enojado
2,17,11,20,Alegre
2,17,11,21,Enojado
2,17,11,22,Neutral
2,17,11,23,Enojado
2,17,11,24,Neutral
2,17,11,25,Enojado
2,17,11,26,Neutral
2,17,13,3,Neutral
2,17,13,4,Neutral
2,17,13,5,Neutral
2,17,13,6,Alegre
2,17,13,7,Neutral
2,17,13,8,Neutral
2,17,13,9,Neutral
2,17,13,10,Neutral
2,17,13,11,Tranquilo
2,17,13,12,Neutral
2,17,13,13,Triste
2,17,13,14,Neutral
2,17,13,15,Neutral
2,17,13,16,Neutral
2,17,13,17,Triste
2,17,14,2,Neutral
2,17,14,3,Triste
2,17,14,4,Neutral
2,17,14,5,Neutral
2,17,14,6,Neutral
2,17,14,7,Neutral
2,17,14,8,Alegre
2,17,14,9,Neutral
2,17,14,10,Neutral
2,17,15,2,Alegre
2,17,15,3,Alegre
2,17,15,4,Neutral
2,17,15,5,Alegre
2,17,15,6,Neutral
2,17,15,7,Alegre
2,17,15,8,Neutral
2,17,15,9,Alegre
2,17,15,10,Neutral
2,17,15,11,Alegre
2,17,15,12,Triste
2,18,1,2,Neutral
2,18,1,3,Enojado
2,18,1,4,Asustado
2,18,1,5,Neutral
2,18,1,6,Poderoso
2,18,1,7,Neutral
2,18,1,8,Neutral
2,18,1,9,Neutral
2,18,1,10,Neutral
2,18,1,11,Neutral
2,18,1,12,Alegre
2,18,2,2,Alegre
2,18,2,3,Triste
2,18,2,4,Alegre
2,18,2,5,Neutral
2,18,2,6,Tranquilo
2,18,2,7,Neutral
2,18,2,8,Tranquilo
2,18,2,9,Poderoso
2,18,2,10,Asustado
2,18,2,11,Alegre
2,18,2,12,Asustado
2,18,2,13,Tranquilo
2,18,2,14,Neutral
2,18,2,15,Alegre
2,18,2,16,Triste
2,18,2,17,Poderoso
2,18,2,18,Asustado
2,18,3,2,Neutral
2,18,3,3,Enojado
2,18,3,4,Neutral
2,18,3,5,Alegre
2,18,3,6,Alegre
2,18,4,2,Neutral
2,18,4,3,Neutral
2,18,4,4,Tranquilo
2,18,4,5,Neutral
2,18,4,6,Neutral
2,18,4,7,Neutral
2,18,4,8,Neutral
2,18,4,9,Neutral
2,18,4,10,Neutral
2,18,4,11,Neutral
2,18,4,12,Alegre
2,18,4,13,Alegre
2,18,4,14,Alegre
2,18,4,15,Neutral
2,18,4,16,Triste
2,18,4,17,Triste
2,18,4,18,Triste
2,18,5,2,Neutral
2,18,5,3,Neutral
2,18,5,4,Neutral
2,18,5,5,Neutral
2,18,5,6,Neutral
2,18,5,7,Neutral
2,18,5,8,Neutral
2,18,5,9,Neutral
2,18,5,10,Neutral
2,18,5,11,Asustado
2,18,5,12,Poderoso
2,18,5,13,Neutral
2,18,5,14,Neutral
2,18,5,15,Neutral
2,18,5,16,Neutral
2,18,5,17,Neutral
2,18,5,18,Neutral
2,18,5,19,Neutral
2,18,5,20,Neutral
2,18,5,21,Neutral
2,18,5,22,Neutral
2,18,5,23,Enojado
2,18,6,2,Alegre
2,18,6,3,Alegre
2,18,6,4,Alegre
2,18,6,5,Alegre
2,18,6,6,Alegre
2,18,6,7,Tranquilo
2,18,6,8,Tranquilo
2,18,6,9,Tranquilo
2,18,6,10,Alegre
2,18,8,2,Enojado
2,18,8,3,Neutral
2,18,8,4,Enojado
2,18,8,5,Neutral
2,18,8,6,Enojado
2,18,8,7,Neutral
2,18,8,8,Enojado
2,18,8,9,Asustado
2,18,9,2,Neutral
2,18,9,3,Neutral
2,18,9,4,Neutral
2,18,9,5,Tranquilo
2,18,9,6,Asustado
2,18,9,7,Neutral
2,18,9,8,Neutral
2,18,9,9,Neutral
2,18,9,10,Neutral
2,18,9,11,Alegre
2,18,9,12,Alegre
2,18,9,13,Alegre
2,18,9,14,Asustado
2,18,9,15,Asustado
2,18,9,16,Enojado
2,18,9,17,Triste
2,18,9,18,Neutral
2,18,9,19,Asustado
2,18,9,20,Enojado
2,18,9,21,Triste
2,18,9,22,Neutral
2,18,9,23,Asustado
2,18,10,2,Enojado
2,18,10,3,Enojado
2,18,10,4,Enojado
2,18,10,5,Neutral
2,18,10,6,Asustado
2,18,10,7,Neutral
2,18,10,8,Neutral
2,18,10,9,Enojado
2,18,10,10,Enojado
2,18,13,2,Neutral
2,18,13,3,Neutral
2,18,13,4,Neutral
2,18,13,5,Triste
2,18,13,6,Tranquilo
2,18,13,7,Tranquilo
2,18,13,8,Enojado
2,18,13,9,Triste
2,18,13,10,Enojado
2,18,13,11,Tranquilo
2,18,13,12,Tranquilo
2,18,13,13,Triste
2,18,13,14,Triste
2,18,13,15,Poderoso
2,18,13,16,Triste
2,18,13,17,Poderoso
2,18,13,18,Triste
2,18,13,19,Poderoso
2,18,13,20,Alegre
2,18,13,21,Tranquilo
2,18,13,22,Triste
2,18,13,23,Tranquilo
2,18,13,24,Alegre
2,18,13,25,Triste
2,18,14,2,Asustado
2,18,14,3,Poderoso
2,18,14,4,Neutral
2,18,14,5,Neutral
2,18,14,6,Asustado
2,18,14,7,Alegre
2,18,14,8,Asustado
2,18,14,9,Poderoso
2,18,14,10,Asustado
2,18,15,3,Neutral
2,18,15,4,Neutral
2,18,15,5,Neutral
2,18,15,6,Neutral
2,18,15,7,Asustado
2,18,15,8,Asustado
2,18,15,9,Neutral
2,19,1,3,Asustado
2,19,1,4,Neutral
2,19,1,5,Asustado
2,19,1,6,Neutral
2,19,1,7,Neutral
2,19,1,8,Neutral
2,19,1,9,Enojado
2,19,1,10,Neutral
2,19,1,11,Enojado
2,19,1,12,Neutral
2,19,1,13,Neutral
2,19,1,14,Neutral
2,19,1,15,Enojado
2,19,1,16,Triste
2,19,1,17,Enojado
2,19,1,18,Neutral
2,19,1,19,Neutral
2,19,1,20,Neutral
2,19,1,21,Neutral
2,19,1,22,Enojado
2,19,1,23,Neutral
2,19,3,2,Neutral
2,19,3,3,Asustado
2,19,3,4,Neutral
2,19,3,5,Asustado
2,19,3,6,Poderoso
2,19,3,7,Neutral
2,19,3,8,Poderoso
2,19,3,9,Asustado
2,19,3,10,Neutral
2,19,3,11,Neutral
2,19,3,12,Poderoso
2,19,3,13,Neutral
2,19,4,2,Alegre
2,19,4,3,Neutral
2,19,4,4,Poderoso
2,19,4,5,Alegre
2,19,4,6,Neutral
2,19,4,7,Neutral
2,19,4,8,Asustado
2,19,4,9,Enojado
2,19,4,10,Asustado
2,19,4,11,Enojado
2,19,4,12,Tranquilo
2,19,4,13,Enojado
2,19,4,14,Poderoso
2,19,4,15,Enojado
2,19,4,16,Poderoso
2,19,4,17,Tranquilo
2,19,4,18,Tranquilo
2,19,4,19,Neutral
2,19,4,20,Enojado
2,19,6,2,Neutral
2,19,6,3,Enojado
2,19,6,4,Alegre
2,19,6,5,Neutral
2,19,6,6,Tranquilo
2,19,6,7,Enojado
2,19,6,8,Alegre
2,19,6,9,Neutral
2,19,6,10,Alegre
2,19,6,11,Neutral
2,19,6,12,Neutral
2,19,7,2,Neutral
2,19,7,3,Asustado
2,19,7,4,Triste
2,19,7,5,Neutral
2,19,7,6,Triste
2,19,7,7,Triste
2,19,7,8,Asustado
2,19,7,9,Neutral
2,19,8,3,Alegre
2,19,8,4,Asustado
2,19,8,5,Enojado
2,19,8,6,Neutral
2,19,8,7,Neutral
2,19,9,2,Alegre
2,19,9,3,Enojado
2,19,9,4,Triste
2,19,9,5,Enojado
2,19,9,6,Triste
2,19,9,7,Enojado
2,19,9,8,Enojado
2,19,9,9,Enojado
2,19,9,10,Enojado
2,19,9,11,Enojado
2,19,9,12,Asustado
2,19,10,2,Neutral
2,19,10,3,Enojado
2,19,10,4,Neutral
2,19,10,5,Poderoso
2,19,10,6,Tranquilo
2,19,10,7,Enojado
2,19,10,8,Tranquilo
2,19,10,9,Poderoso
2,19,10,10,Poderoso
2,19,11,2,Tranquilo
2,19,11,3,Tranquilo
2,19,11,4,Asustado
2,19,11,5,Asustado
2,19,11,6,Alegre
2,19,11,7,Alegre
2,19,11,8,Enojado
2,19,11,9,Asustado
2,19,11,10,Neutral
2,19,11,11,Tranquilo
2,19,11,12,Alegre
2,19,11,13,Neutral
2,19,11,14,Neutral
2,19,11,15,Tranquilo
2,19,11,16,Poderoso
2,19,11,17,Triste
2,19,11,18,Tranquilo
2,19,11,19,Enojado
2,19,14,3,Neutral
2,19,14,4,Enojado
2,19,14,5,Asustado
2,19,14,6,Enojado
2,19,14,7,Asustado
2,19,14,8,Neutral
2,19,14,9,Asustado
2,19,14,10,Enojado
2,19,14,11,Neutral
2,19,14,12,Neutral
2,19,14,13,Triste
2,19,14,14,Neutral
2,19,14,15,Enojado
2,19,14,16,Neutral
2,19,14,17,Alegre
2,19,14,18,Neutral
2,19,14,19,Alegre
2,19,14,20,Neutral
2,19,14,21,Neutral
2,19,15,2,Enojado
2,19,15,3,Poderoso
2,19,15,4,Enojado
2,19,15,5,Triste
2,19,15,6,Neutral
2,20,1,2,Alegre
2,20,1,3,Triste
2,20,1,4,Asustado
2,20,1,5,Neutral
2,20,1,6,Neutral
2,20,1,7,Alegre
2,20,1,8,Neutral
2,20,1,9,Alegre
2,20,1,10,Neutral
2,20,1,11,Neutral
2,20,1,12,Asustado
2,20,1,13,Neutral
2,20,1,14,Asustado
2,20,1,15,Triste
2,20,2,2,Tranquilo
2,20,2,3,Neutral
2,20,2,4,Alegre
2,20,2,5,Alegre
2,20,2,6,Neutral
2,20,2,7,Enojado
2,20,2,8,Tranquilo
2,20,2,9,Asustado
2,20,2,10,Neutral
2,20,2,11,Alegre
2,20,2,12,Neutral
2,20,2,13,Neutral
2,20,2,14,Alegre
2,20,2,15,Asustado
2,20,2,16,Asustado
2,20,2,17,Asustado
2,20,2,18,Asustado
2,20,2,19,Enojado
2,20,2,20,Alegre
2,20,2,21,Neutral
2,20,2,22,Neutral
2,20,2,23,Alegre
2,20,3,2,Tranquilo
2,20,3,3,Neutral
2,20,3,4,Neutral
2,20,3,5,Neutral
2,20,3,6,Alegre
2,20,3,7,Alegre
2,20,3,8,Asustado
2,20,3,9,Alegre
2,20,3,10,Alegre
2,20,3,11,Alegre
2,20,3,12,Poderoso
2,20,3,13,Enojado
2,20,3,14,Poderoso
2,20,3,15,Triste
2,20,3,16,Poderoso
2,20,3,17,Poderoso
2,20,3,18,Alegre
2,20,3,19,Alegre
2,20,4,2,Neutral
2,20,4,3,Neutral
2,20,4,4,Neutral
2,20,4,5,Alegre
2,20,4,6,Triste
2,20,4,7,Neutral
2,20,4,8,Neutral
2,20,4,9,Neutral
2,20,4,10,Neutral
2,20,4,11,Enojado
2,20,4,12,Neutral
2,20,4,13,Alegre
2,20,4,14,Neutral
2,20,4,15,Neutral
2,20,4,16,Alegre
2,20,4,17,Alegre
2,20,4,18,Neutral
2,20,4,19,Neutral
2,20,4,20,Neutral
2,20,4,21,Neutral
2,20,4,22,Neutral
2,20,4,23,Alegre
2,20,4,24,Neutral
2,20,4,25,Triste
2,20,8,2,Alegre
2,20,8,3,Neutral
2,20,8,4,Alegre
2,20,8,5,Poderoso
2,20,8,6,Triste
2,21,1,2,Asustado
2,21,1,3,Alegre
2,21,1,4,Neutral
2,21,1,5,Neutral
2,21,1,6,Asustado
2,21,1,7,Asustado
2,21,1,8,Neutral
2,21,1,9,Poderoso
2,21,1,10,Neutral
2,21,1,11,Asustado
2,21,1,12,Asustado
2,21,1,13,Enojado
2,21,1,14,Neutral
2,21,1,15,Alegre
2,21,1,16,Asustado
2,21,1,17,Asustado
2,21,1,18,Alegre
2,21,1,19,Asustado
2,21,1,20,Asustado
2,21,1,21,Neutral
2,21,2,2,Neutral
2,21,2,3,Neutral
2,21,2,4,Tranquilo
2,21,2,5,Neutral
2,21,2,6,Enojado
2,21,2,7,Asustado
2,21,2,8,Enojado
2,21,2,9,Enojado
2,21,2,10,Enojado
2,21,2,11,Asustado
2,21,2,12,Enojado
2,21,2,13,Enojado
2,21,2,14,Asustado
2,21,2,15,Enojado
2,21,2,16,Enojado
2,21,2,17,Asustado
2,21,2,18,Enojado
2,21,2,19,Enojado
2,21,2,20,Enojado
2,21,2,21,Enojado
2,21,2,22,Enojado
2,21,2,23,Tranquilo
2,21,2,24,Enojado
2,21,2,25,Enojado
2,21,2,26,Asustado
2,21,4,3,Poderoso
2,21,4,4,Asustado
2,21,4,5,Tranquilo
2,21,4,6,Tranquilo
2,21,4,7,Poderoso
2,21,4,8,Tranquilo
2,21,4,9,Neutral
2,21,4,10,Neutral
2,21,4,11,Neutral
2,21,4,12,Asustado
2,21,4,13,Asustado
2,21,4,14,Asustado
2,21,4,15,Asustado
2,21,4,16,Enojado
2,21,4,17,Enojado
2,21,4,18,Neutral
2,21,4,19,Neutral
2,21,4,20,Enojado
2,21,4,21,Enojado
2,21,4,22,Neutral
2,21,4,23,Asustado
2,21,4,24,Asustado
2,21,6,2,Neutral
2,21,6,3,Triste
2,21,6,4,Asustado
2,21,6,5,Triste
2,21,6,6,Tranquilo
2,21,6,7,Tranquilo
2,21,6,8,Triste
2,21,6,9,Asustado
2,21,6,10,Asustado
2,21,8,2,Neutral
2,21,8,3,Neutral
2,21,8,4,Alegre
2,21,8,5,Alegre
2,21,8,6,Asustado
2,21,8,7,Neutral
2,21,8,8,Alegre
2,21,8,9,Neutral
2,21,8,10,Poderoso
2,21,8,11,Asustado
2,21,8,12,Enojado
2,21,8,13,Neutral
2,21,8,14,Neutral
2,21,8,15,Neutral
2,21,8,16,Asustado
2,21,8,17,Asustado
2,21,8,18,Alegre
2,21,9,2,Asustado
2,21,9,3,Asustado
2,21,9,4,Asustado
2,21,9,5,Asustado
2,21,9,6,Asustado
2,21,9,7,Neutral
2,21,9,8,Triste
2,21,9,9,Triste
2,21,9,10,Neutral
2,21,9,11,Asustado
2,21,9,12,Neutral
2,21,9,13,Asustado
2,21,9,14,Triste
2,21,9,15,Triste
2,21,12,2,Alegre
2,21,12,3,Alegre
2,21,12,4,Neutral
2,21,12,5,Triste
2,21,12,6,Asustado
2,21,12,7,Asustado
2,21,12,8,Neutral
2,21,12,9,Neutral
2,21,12,10,Alegre
2,21,12,11,Enojado
2,21,12,12,Neutral
2,21,13,2,Neutral
2,21,13,3,Neutral
2,21,13,4,Alegre
2,21,13,5,Alegre
2,21,13,6,Alegre
2,21,13,7,Neutral
2,22,1,2,Neutral
2,22,1,3,Enojado
2,22,1,4,Neutral
2,22,1,5,Neutral
2,22,1,6,Asustado
2,22,1,7,Neutral
2,22,1,8,Neutral
2,22,1,9,Neutral
2,22,1,10,Neutral
2,22,1,11,Enojado
2,22,1,12,Enojado
2,22,1,13,Alegre
2,22,2,2,Neutral
2,22,2,3,Neutral
2,22,2,4,Poderoso
2,22,2,5,Neutral
2,22,2,6,Neutral
2,22,2,7,Enojado
2,22,2,8,Enojado
2,22,2,9,Asustado
2,22,2,10,Triste
2,22,2,11,Neutral
2,22,2,12,Alegre
2,22,2,13,Enojado
2,22,2,14,Alegre
2,22,2,15,Enojado
2,22,2,16,Neutral
2,22,2,17,Enojado
2,22,2,18,Neutral
2,22,2,19,Neutral
2,22,2,20,Asustado
2,22,2,21,Neutral
2,22,2,22,Neutral
2,22,2,23,Asustado
2,22,6,2,Alegre
2,22,6,3,Triste
2,22,6,4,Neutral
2,22,6,5,Triste
2,22,6,6,Neutral
2,22,6,7,Tranquilo
2,22,6,8,Tranquilo
2,22,7,2,Tranquilo
2,22,7,3,Tranquilo
2,22,7,4,Alegre
2,22,7,5,Neutral
2,22,7,6,Neutral
2,22,7,7,Neutral
2,22,7,8,Alegre
2,22,7,9,Poderoso
2,22,7,10,Tranquilo
2,22,7,11,Neutral
2,22,7,12,Tranquilo
2,22,7,13,Asustado
2,22,7,14,Neutral
2,22,7,15,Asustado
2,22,7,16,Poderoso
2,22,7,17,Alegre
2,22,7,18,Asustado
2,22,7,19,Poderoso
2,22,7,20,Asustado
2,22,7,21,Tranquilo
2,22,7,22,Alegre
2,22,7,23,Tranquilo
2,22,8,2,Poderoso
2,22,8,3,Alegre
2,22,8,4,Neutral
2,22,8,5,Neutral
2,22,8,6,Neutral
2,22,8,7,Alegre
2,23,2,2,Alegre
2,23,2,3,Alegre
2,23,2,4,Poderoso
2,23,2,5,Alegre
2,23,2,6,Neutral
2,23,2,7,Alegre
2,23,2,8,Neutral
2,23,2,9,Triste
2,23,2,10,Neutral
2,23,2,11,Triste
2,23,2,12,Asustado
2,23,2,13,Triste
2,23,2,14,Neutral
2,23,2,15,Alegre
2,23,2,16,Neutral
2,23,2,17,Tranquilo
2,23,2,18,Tranquilo
2,23,2,19,Alegre
2,23,3,2,Neutral
2,23,3,3,Asustado
2,23,3,4,Tranquilo
2,23,3,5,Alegre
2,23,3,6,Enojado
2,23,3,7,Tranquilo
2,23,3,8,Poderoso
2,23,3,9,Neutral
2,23,3,10,Neutral
2,23,3,11,Neutral
2,23,3,12,Alegre
2,23,3,13,Alegre
2,23,4,2,Alegre
2,23,4,3,Alegre
2,23,4,4,Alegre
2,23,4,5,Asustado
2,23,4,6,Triste
2,23,4,7,Neutral
2,23,5,2,Neutral
2,23,5,3,Tranquilo
2,23,5,4,Neutral
2,23,5,5,Neutral
2,23,5,6,Triste
2,23,5,7,Neutral
2,23,5,8,Alegre
2,23,5,9,Neutral
2,23,5,10,Alegre
2,23,5,11,Asustado
2,23,5,12,Asustado
2,23,5,13,Poderoso
2,23,5,14,Enojado
2,23,5,15,Neutral
2,23,5,16,Asustado
2,23,5,17,Tranquilo
2,23,5,18,Asustado
2,23,5,19,Tranquilo
2,23,5,20,Triste
2,23,5,21,Alegre
2,23,5,22,Alegre
2,23,6,2,Neutral
2,23,6,3,Tranquilo
2,23,6,4,Tranquilo
2,23,6,5,Neutral
2,23,6,6,Alegre
2,23,6,7,Neutral
2,23,6,8,Alegre
2,23,6,9,Neutral
2,23,6,10,Neutral
2,23,6,11,Asustado
2,23,6,12,Alegre
2,23,6,13,Tranquilo
2,23,6,14,Alegre
2,23,6,15,Alegre
2,23,7,2,Neutral
2,23,7,3,Neutral
2,23,7,4,Enojado
2,23,7,5,Alegre
2,23,7,6,Asustado
2,23,7,7,Poderoso
2,23,7,8,Poderoso
2,23,7,9,Poderoso
2,23,7,10,Poderoso
2,23,7,11,Poderoso
2,23,7,12,Neutral
2,23,7,13,Triste
2,23,7,14,Poderoso
2,23,7,15,Poderoso
2,23,7,16,Poderoso
2,23,7,17,Poderoso
2,23,7,18,Asustado
2,23,7,19,Alegre
2,23,7,20,Enojado
2,23,7,21,Asustado
2,23,8,2,Alegre
2,23,8,3,Alegre
2,23,8,4,Neutral
2,23,8,5,Neutral
2,23,8,6,Enojado
2,23,8,7,Enojado
2,23,8,8,Neutral
2,23,8,9,Enojado
2,23,8,10,Neutral
2,23,8,11,Tranquilo
2,23,8,12,Neutral
2,23,8,13,Poderoso
2,23,8,14,Enojado
2,23,8,15,Neutral
2,23,8,16,Poderoso
2,23,8,17,Neutral
2,23,8,18,Alegre
2,23,8,19,Enojado
2,23,8,20,Alegre
2,23,8,21,Neutral
2,23,8,22,Poderoso
2,23,10,2,Neutral
2,23,10,3,Asustado
2,23,10,4,Poderoso
2,23,10,5,Asustado
2,23,10,6,Neutral
2,23,10,7,Poderoso
2,23,10,8,Neutral
2,23,10,9,Enojado
2,23,10,10,Neutral
2,23,10,11,Enojado
2,23,10,12,Neutral
2,23,10,13,Poderoso
2,23,10,14,Triste
2,23,10,15,Poderoso
2,23,10,16,Asustado
2,23,10,17,Enojado
2,23,10,18,Neutral
2,23,10,19,Tranquilo
2,23,10,20,Poderoso
2,23,11,2,Triste
2,23,11,3,Neutral
2,23,11,4,Neutral
2,23,11,5,Neutral
2,23,11,6,Poderoso
2,23,11,7,Neutral
2,23,11,8,Neutral
2,23,11,9,Alegre
2,23,11,10,Poderoso
2,23,11,11,Neutral
2,23,11,12,Neutral
2,23,11,13,Triste
2,23,11,14,Neutral
2,23,11,15,Alegre
2,23,11,16,Neutral
2,23,11,17,Alegre
2,23,11,18,Tranquilo
2,23,11,19,Poderoso
2,23,12,2,Neutral
2,23,12,3,Neutral
2,23,12,4,Neutral
2,23,12,5,Neutral
2,23,12,6,Neutral
2,23,12,7,Enojado
2,23,12,8,Neutral
2,23,12,9,Tranquilo
2,23,12,10,Enojado
2,23,12,11,Neutral
2,23,12,12,Neutral
2,23,12,13,Alegre
2,23,12,14,Neutral
2,23,13,2,Alegre
2,23,13,3,Neutral
2,23,13,4,Alegre
2,23,13,5,Neutral
2,23,13,6,Alegre
2,23,13,7,Neutral
2,23,13,8,Alegre
2,23,13,9,Neutral
2,23,13,10,Neutral
2,23,13,11,Triste
2,23,13,12,Neutral
2,23,13,13,Neutral
2,23,13,14,Neutral
2,23,13,15,Alegre
2,23,13,16,Alegre
2,23,13,17,Alegre
2,23,13,18,Alegre
2,23,13,19,Alegre
2,23,13,20,Alegre
2,23,13,21,Triste
2,23,13,22,Neutral
2,23,13,23,Alegre
2,23,14,2,Neutral
2,23,14,3,Neutral
2,23,14,4,Neutral
2,23,14,5,Neutral
2,23,14,6,Neutral
2,23,14,7,Neutral
2,24,1,2,Neutral
2,24,1,3,Alegre
2,24,1,4,Neutral
2,24,1,5,Neutral
2,24,1,6,Alegre
2,24,1,7,Asustado
2,24,1,8,Alegre
2,24,1,9,Neutral
2,24,1,10,Tranquilo
2,24,1,11,Tranquilo
2,24,1,12,Enojado
2,24,1,13,Enojado
2,24,1,14,Tranquilo
2,24,2,2,Neutral
2,24,2,3,Triste
2,24,2,4,Enojado
2,24,2,5,Enojado
2,24,2,6,Triste
2,24,2,7,Alegre
2,24,2,8,Neutral
2,24,2,9,Alegre
2,24,2,10,Triste
2,24,2,11,Tranquilo
2,24,2,12,Alegre
2,24,2,13,Enojado
2,24,2,14,Neutral
2,24,4,2,Alegre
2,24,4,3,Alegre
2,24,4,4,Neutral
2,24,4,5,Neutral
2,24,4,6,Asustado
2,24,4,7,Tranquilo
2,24,4,8,Asustado
2,24,4,9,Tranquilo
2,24,4,10,Alegre
2,24,4,11,Alegre
2,24,4,12,Alegre
2,24,4,13,Alegre
2,24,4,14,Asustado
2,24,4,15,Alegre
2,24,4,16,Enojado
2,24,4,17,Asustado
2,24,4,18,Asustado
2,24,4,19,Triste
2,24,4,20,Triste
2,24,4,21,Tranquilo
2,24,4,22,Asustado
2,24,7,2,Neutral
2,24,7,3,Neutral
2,24,7,4,Tranquilo
2,24,7,5,Asustado
2,24,7,6,Tranquilo
2,24,7,7,Asustado
2,24,7,8,Poderoso
2,24,7,9,Neutral
2,24,7,10,Alegre
2,24,7,11,Neutral
2,24,9,2,Poderoso
2,24,9,3,Poderoso
2,24,9,4,Enojado
2,24,9,5,Poderoso
2,24,9,6,Enojado
2,24,9,7,Tranquilo
2,24,9,8,Triste
2,24,9,9,Triste
2,24,9,10,Poderoso
2,24,9,11,Triste
2,24,10,2,Alegre
2,24,10,3,Neutral
2,24,10,4,Neutral
2,24,10,5,Alegre
2,24,10,6,Asustado
2,24,10,7,Neutral
2,24,10,8,Neutral
2,24,10,9,Neutral
2,24,10,10,Neutral
2,24,10,11,Enojado
2,24,10,12,Neutral
2,24,10,13,Asustado
2,24,10,14,Alegre
2,24,10,15,Enojado
2,24,10,16,Asustado
2,24,10,17,Neutral
2,24,10,18,Tranquilo
2,24,10,19,Neutral
2,24,10,20,Alegre
2,24,10,21,Alegre
2,24,10,22,Alegre
2,24,11,2,Neutral
2,24,11,3,Asustado
2,24,11,4,Poderoso
2,24,11,5,Alegre
2,24,11,6,Tranquilo
2,24,11,7,Alegre
2,24,11,8,Tranquilo
2,24,11,9,Enojado
2,24,11,10,Asustado
2,24,11,11,Enojado
2,24,11,12,Tranquilo
2,24,11,13,Tranquilo
2,24,11,14,Tranquilo
2,24,12,2,Asustado
2,24,12,3,Tranquilo
2,24,12,4,Alegre
2,24,12,5,Neutral
2,24,12,6,Tranquilo
2,24,12,7,Alegre
2,24,12,8,Alegre
2,24,12,9,Alegre
3,1,2,2,Tranquilo
3,1,2,3,Tranquilo
3,1,2,4,Alegre
3,1,2,5,Neutral
3,1,2,6,Neutral
3,1,2,8,Alegre
3,1,2,9,Alegre
3,1,2,10,Alegre
3,1,2,12,Enojado
3,1,2,13,Neutral
3,1,2,14,Neutral
3,1,2,15,Tranquilo
3,1,2,16,Poderoso
3,1,3,2,Neutral
3,1,3,3,Alegre
3,1,3,4,Asustado
3,1,3,5,Alegre
3,1,3,6,Alegre
3,1,3,7,Tranquilo
3,1,3,8,Tranquilo
3,1,3,9,Triste
3,1,3,10,Alegre
3,1,3,11,Poderoso
3,1,3,12,Alegre
3,1,3,13,Alegre
3,1,3,14,Neutral
3,1,3,15,Neutral
3,1,3,16,Alegre
3,1,3,17,Neutral
3,1,3,18,Neutral
3,1,3,19,Tranquilo
3,1,3,20,Neutral
3,1,3,21,Tranquilo
3,1,4,2,Asustado
3,1,4,3,Asustado
3,1,4,4,Asustado
3,1,4,5,Neutral
3,1,4,6,Asustado
3,1,4,7,Neutral
3,1,4,8,Triste
3,1,4,9,Neutral
3,1,4,10,Triste
3,1,4,11,Neutral
3,1,4,12,Triste
3,1,4,13,Neutral
3,1,4,14,Enojado
3,1,4,15,Neutral
3,1,4,16,Alegre
3,1,4,17,Enojado
3,1,4,18,Neutral
3,1,4,19,Alegre
3,1,4,20,Neutral
3,1,4,21,Neutral
3,1,5,2,Tranquilo
3,1,5,3,Tranquilo
3,1,5,4,Alegre
3,1,5,5,Triste
3,1,5,6,Tranquilo
3,1,5,7,Neutral
3,1,5,8,Alegre
3,1,5,9,Triste
3,1,5,10,Triste
3,1,5,11,Neutral
3,1,5,12,Tranquilo
3,1,5,13,Neutral
3,1,5,14,Alegre
3,1,5,15,Neutral
3,1,5,16,Alegre
3,1,5,17,Asustado
3,1,5,18,Alegre
3,1,5,19,Asustado
3,1,5,20,Neutral
3,1,5,21,Tranquilo
3,1,5,22,Alegre
3,1,5,23,Alegre
3,1,7,3,Alegre
3,1,7,4,Alegre
3,1,7,5,Alegre
3,1,7,6,Enojado
3,1,7,7,Alegre
3,1,7,8,Neutral
3,1,7,9,Neutral
3,1,7,10,Triste
3,1,7,11,Neutral
3,1,7,12,Enojado
3,1,7,13,Enojado
3,1,7,14,Neutral
3,1,7,15,Neutral
3,1,7,16,Tranquilo
3,1,7,17,Enojado
3,1,7,18,Neutral
3,1,7,19,Enojado
3,1,7,20,Enojado
3,1,7,21,Enojado
3,1,7,22,Enojado
3,1,8,2,Asustado
3,1,8,3,Enojado
3,1,8,4,Enojado
3,1,8,5,Asustado
3,1,8,6,Enojado
3,1,8,7,Enojado
3,1,8,8,Enojado
3,1,8,9,Neutral
3,1,8,10,Enojado
3,1,8,11,Neutral
3,1,8,12,Enojado
3,1,8,13,Triste
3,1,8,14,Asustado
3,1,8,15,Alegre
3,1,8,16,Neutral
3,1,8,17,Alegre
3,1,8,18,Asustado
3,1,9,2,Poderoso
3,1,9,3,Alegre
3,1,9,4,Asustado
3,1,9,5,Poderoso
3,1,9,6,Enojado
3,1,9,7,Asustado
3,1,9,8,Tranquilo
3,1,9,9,Asustado
3,1,9,10,Tranquilo
3,1,9,11,Poderoso
3,1,9,12,Tranquilo
3,1,9,13,Poderoso
3,1,10,2,Enojado
3,1,10,3,Asustado
3,1,10,4,Enojado
3,1,10,5,Asustado
3,1,10,6,Triste
3,1,10,7,Tranquilo
3,1,10,8,Poderoso
3,1,10,9,Alegre
3,1,10,10,Alegre
3,1,10,11,Poderoso
3,1,10,12,Tranquilo
3,1,10,13,Tranquilo
3,1,12,2,Alegre
3,1,12,3,Alegre
3,1,12,4,Neutral
3,1,12,5,Alegre
3,1,12,6,Neutral
3,1,12,7,Tranquilo
3,1,12,8,Alegre
3,1,12,9,Neutral
3,1,12,10,Triste
3,1,12,11,Tranquilo
3,1,12,12,Alegre
3,1,12,13,Tranquilo
3,1,12,14,Neutral
3,1,12,15,Neutral
3,1,12,16,Neutral
3,1,12,17,Asustado
3,1,12,18,Neutral
3,1,12,19,Neutral
3,1,12,20,Alegre
3,1,13,4,Alegre
3,1,13,5,Tranquilo
3,1,13,6,Neutral
3,1,13,7,Tranquilo
3,1,13,8,Triste
3,1,13,9,Poderoso
3,1,13,10,Asustado
3,1,13,11,Neutral
3,1,13,12,Triste
3,1,13,13,Neutral
3,1,13,14,Tranquilo
3,1,13,15,Poderoso
3,1,13,16,Alegre
3,1,13,17,Triste
3,1,13,18,Neutral
3,1,13,19,Poderoso
3,1,13,20,Neutral
3,1,13,21,Neutral
3,1,13,22,Neutral
3,1,13,23,Neutral
3,1,13,24,Alegre
3,1,13,25,Tranquilo
3,2,1,2,Neutral
3,2,1,3,Alegre
3,2,1,4,Enojado
3,2,1,5,Alegre
3,2,1,6,Alegre
3,2,1,7,Alegre
3,2,1,8,Asustado
3,2,1,9,Enojado
3,2,1,10,Enojado
3,2,1,11,Poderoso
3,2,1,12,Enojado
3,2,1,13,Neutral
3,2,1,14,Alegre
3,2,1,15,Alegre
3,2,1,16,Alegre
3,2,1,17,Tranquilo
3,2,1,18,Neutral
3,2,1,19,Enojado
3,2,1,20,Enojado
3,2,1,21,Neutral
3,2,1,22,Neutral
3,2,1,23,Alegre
3,2,1,24,Poderoso
3,2,1,25,Neutral
3,2,4,2,Neutral
3,2,4,3,Alegre
3,2,4,4,Alegre
3,2,4,5,Neutral
3,2,4,6,Neutral
3,2,4,7,Enojado
3,2,4,8,Poderoso
3,2,4,9,Enojado
3,2,4,10,Enojado
3,2,4,11,Enojado
3,2,4,12,Enojado
3,2,4,13,Enojado
3,3,2,2,Alegre
3,3,2,3,Neutral
3,3,2,4,Alegre
3,3,2,5,Neutral
3,3,2,7,Tranquilo
3,3,2,8,Neutral
3,3,2,9,Asustado
3,3,2,10,Triste
3,3,2,11,Alegre
3,3,2,12,Enojado
3,3,2,13,Enojado
3,3,2,14,Neutral
3,3,2,15,Alegre
3,3,2,16,Alegre
3,3,2,17,Enojado
3,3,2,18,Alegre
3,3,2,19,Tranquilo
3,3,3,2,Asustado
3,3,3,3,Triste
3,3,3,4,Neutral
3,3,3,5,Triste
3,3,3,6,Neutral
3,3,3,7,Asustado
3,3,3,8,Neutral
3,3,3,9,Poderoso
3,3,3,10,Neutral
3,3,3,11,Triste
3,3,3,12,Neutral
3,3,3,13,Neutral
3,3,3,14,Tranquilo
3,3,3,15,Asustado
3,3,3,16,Neutral
3,3,3,17,Tranquilo
3,3,3,18,Neutral
3,3,3,19,Alegre
3,3,3,20,Neutral
3,3,3,21,Triste
3,3,7,2,Neutral
3,3,7,3,Poderoso
3,3,7,4,Alegre
3,3,7,5,Neutral
3,3,7,6,Triste
3,3,7,7,Triste
3,3,7,8,Asustado
3,3,7,9,Poderoso
3,3,7,10,Alegre
3,3,7,11,Tranquilo
3,3,7,12,Alegre
3,3,7,13,Alegre
3,3,7,14,Enojado
3,3,7,15,Triste
3,3,7,16,Poderoso
3,3,7,17,Alegre
3,3,9,2,Asustado
3,3,9,3,Asustado
3,3,9,4,Alegre
3,3,9,5,Alegre
3,3,9,6,Neutral
3,3,9,7,Alegre
3,3,10,2,Asustado
3,3,10,3,Alegre
3,3,10,4,Neutral
3,3,10,5,Tranquilo
3,3,10,6,Asustado
3,3,10,7,Alegre
3,3,10,8,Asustado
3,3,10,9,Neutral
3,3,10,10,Triste
3,3,10,11,Alegre
3,3,10,12,Asustado
3,3,10,13,Neutral
3,3,12,2,Triste
3,3,12,3,Neutral
3,3,12,4,Enojado
3,3,12,5,Neutral
3,3,12,6,Alegre
3,3,12,7,Neutral
3,3,12,8,Asustado
3,3,12,9,Neutral
3,3,12,10,Enojado
3,4,1,2,Alegre
3,4,1,3,Alegre
3,4,1,4,Neutral
3,4,1,5,Triste
3,4,1,6,Poderoso
3,4,1,7,Alegre
3,4,1,8,Neutral
3,4,1,9,Asustado
3,4,1,10,Asustado
3,4,1,11,Alegre
3,4,1,12,Neutral
3,4,1,13,Neutral
3,4,1,14,Poderoso
3,4,1,15,Alegre
3,4,4,2,Neutral
3,4,4,3,Neutral
3,4,4,4,Alegre
3,4,4,5,Neutral
3,4,4,6,Alegre
3,4,4,7,Alegre
3,4,4,8,Alegre
3,4,4,9,Alegre
3,4,4,10,Alegre
3,4,4,11,Alegre
3,4,4,12,Alegre
3,4,4,13,Neutral
3,4,4,14,Neutral
3,4,4,15,Alegre
3,4,4,16,Asustado
3,4,4,17,Asustado
3,4,5,2,Neutral
3,4,5,3,Tranquilo
3,4,5,4,Alegre
3,4,5,5,Tranquilo
3,4,5,6,Neutral
3,4,5,7,Alegre
3,4,5,8,Alegre
3,4,5,9,Alegre
3,4,5,10,Neutral
3,4,5,11,Alegre
3,4,5,12,Alegre
3,4,5,13,Alegre
3,4,5,14,Neutral
3,4,5,15,Alegre
3,4,5,16,Asustado
3,4,5,17,Triste
3,4,6,2,Neutral
3,4,6,3,Neutral
3,4,6,4,Neutral
3,4,6,5,Triste
3,4,6,6,Neutral
3,4,6,7,Tranquilo
3,4,6,8,Neutral
3,4,6,9,Neutral
3,4,6,10,Neutral
3,4,6,11,Tranquilo
3,4,6,12,Enojado
3,4,6,13,Neutral
3,4,6,14,Poderoso
3,4,6,15,Neutral
3,4,6,16,Alegre
3,4,6,17,Tranquilo
3,4,6,18,Alegre
3,4,6,19,Poderoso
3,4,6,20,Neutral
3,4,6,21,Tranquilo
3,4,6,22,Neutral
3,4,6,23,Alegre
3,4,6,24,Neutral
3,4,6,25,Neutral
3,4,6,26,Neutral
3,4,7,2,Alegre
3,4,7,3,Alegre
3,4,7,4,Alegre
3,4,7,5,Poderoso
3,4,7,6,Poderoso
3,4,7,7,Triste
3,4,7,8,Alegre
3,4,7,9,Asustado
3,4,7,10,Alegre
3,4,7,11,Neutral
3,4,7,12,Neutral
3,4,7,13,Tranquilo
3,4,7,14,Triste
3,4,7,15,Triste
3,4,7,16,Triste
3,4,7,17,Triste
3,4,7,18,Tranquilo
3,4,7,19,Triste
3,4,7,20,Triste
3,4,7,21,Triste
3,4,7,22,Poderoso
3,4,7,23,Neutral
3,4,7,24,Alegre
3,4,8,2,Neutral
3,4,8,3,Alegre
3,4,8,4,Enojado
3,4,8,5,Alegre
3,4,8,6,Triste
3,4,8,7,Asustado
3,4,8,8,Asustado
3,4,8,9,Asustado
3,4,8,10,Enojado
3,4,8,11,Neutral
3,4,8,12,Enojado
3,4,8,13,Neutral
3,4,8,14,Neutral
3,4,8,15,Neutral
3,4,8,16,Enojado
3,4,8,17,Tranquilo
3,4,8,18,Enojado
3,4,8,19,Neutral
3,4,9,2,Neutral
3,4,9,3,Neutral
3,4,9,4,Neutral
3,4,9,5,Triste
3,4,9,6,Neutral
3,4,9,7,Neutral
3,4,9,8,Neutral
3,4,9,9,Triste
3,4,9,10,Neutral
3,4,9,11,Triste
3,4,9,12,Triste
3,4,9,13,Neutral
3,4,9,14,Triste
3,4,9,15,Neutral
3,4,9,16,Triste
3,4,9,17,Neutral
3,4,9,18,Neutral
3,4,9,19,Neutral
3,4,9,20,Alegre
3,4,9,21,Alegre
3,4,10,2,Triste
3,4,10,3,Asustado
3,4,10,4,Triste
3,4,10,5,Neutral
3,4,10,6,Tranquilo
3,4,10,8,Asustado
3,4,10,9,Asustado
3,4,10,10,Asustado
3,4,10,11,Neutral
3,4,10,12,Alegre
3,4,10,13,Poderoso
3,4,10,14,Tranquilo
3,4,10,15,Asustado
3,4,10,16,Tranquilo
3,4,10,17,Alegre
3,4,10,18,Triste
3,4,11,2,Enojado
3,4,11,3,Poderoso
3,4,11,4,Enojado
3,4,11,5,Enojado
3,4,11,6,Enojado
3,4,11,7,Asustado
3,4,11,8,Enojado
3,4,11,9,Asustado
3,4,11,10,Poderoso
3,4,11,11,Enojado
3,4,11,12,Poderoso
3,4,11,13,Asustado
3,4,11,14,Alegre
3,4,11,15,Poderoso
3,4,11,16,Alegre
3,4,11,17,Asustado
3,4,11,18,Poderoso
3,4,11,19,Enojado
3,4,11,20,Alegre
3,4,11,21,Asustado
3,4,11,22,Alegre
3,4,11,23,Asustado
3,4,11,24,Alegre
3,5,1,2,Alegre
3,5,1,3,Alegre
3,5,1,4,Alegre
3,5,1,5,Alegre
3,5,1,6,Alegre
3,5,1,7,Poderoso
3,5,1,8,Alegre
3,5,1,9,Tranquilo
3,5,1,10,Enojado
3,5,1,11,Alegre
3,5,1,13,Alegre
3,5,2,2,Neutral
3,5,2,3,Alegre
3,5,2,4,Neutral
3,5,2,5,Neutral
3,5,2,6,Neutral
3,5,2,7,Neutral
3,5,2,8,Tranquilo
3,5,2,9,Asustado
3,5,2,10,Neutral
3,5,4,2,Neutral
3,5,4,3,Enojado
3,5,4,4,Neutral
3,5,4,5,Enojado
3,5,4,6,Neutral
3,5,4,7,Enojado
3,5,5,2,Alegre
3,5,5,3,Neutral
3,5,5,4,Asustado
3,5,5,5,Tranquilo
3,5,5,6,Triste
3,5,5,7,Neutral
3,5,5,8,Enojado
3,5,5,9,Poderoso
3,5,5,10,Triste
3,5,5,11,Asustado
3,5,5,12,Enojado
3,5,5,14,Alegre
3,5,5,15,Alegre
3,5,6,2,Asustado
3,5,6,3,Poderoso
3,5,6,4,Alegre
3,5,6,5,Alegre
3,5,6,6,Neutral
3,5,6,7,Neutral
3,5,6,8,Neutral
3,5,6,9,Asustado
3,5,6,10,Neutral
3,5,6,11,Neutral
3,5,6,12,Asustado
3,5,6,13,Neutral
3,5,6,14,Alegre
3,5,6,15,Neutral
3,5,7,2,Alegre
3,5,7,3,Neutral
3,5,7,4,Alegre
3,5,7,5,Poderoso
3,5,7,6,Poderoso
3,5,7,7,Neutral
3,5,7,8,Tranquilo
3,5,7,9,Alegre
3,5,7,10,Neutral
3,5,7,11,Tranquilo
3,5,7,12,Alegre
3,5,7,13,Alegre
3,5,7,14,Neutral
3,5,7,15,Neutral
3,5,7,16,Poderoso
3,5,8,2,Neutral
3,5,8,3,Neutral
3,5,8,4,Neutral
3,5,8,5,Alegre
3,5,8,6,Neutral
3,5,8,7,Neutral
3,5,8,8,Triste
3,5,8,9,Alegre
3,5,8,10,Alegre
3,5,8,11,Alegre
3,5,8,12,Alegre
3,5,8,13,Alegre
3,5,9,2,Neutral
3,5,9,3,Neutral
3,5,9,4,Tranquilo
3,5,9,5,Triste
3,5,9,6,Tranquilo
3,5,9,7,Neutral
3,5,9,8,Alegre
3,5,9,9,Tranquilo
3,5,9,10,Alegre
3,5,9,11,Neutral
3,5,9,12,Alegre
3,5,9,13,Enojado
3,5,9,14,Tranquilo
3,5,9,15,Neutral
3,5,9,16,Neutral
3,5,9,17,Tranquilo
3,5,9,18,Enojado
3,5,9,19,Poderoso
3,5,9,20,Poderoso
3,5,9,21,Neutral
3,5,9,22,Poderoso
3,5,9,23,Enojado
3,5,9,24,Enojado
3,5,9,25,Alegre
3,5,10,2,Alegre
3,5,10,3,Neutral
3,5,10,4,Neutral
3,5,10,5,Tranquilo
3,5,10,6,Neutral
3,5,10,7,Alegre
3,5,10,8,Alegre
3,5,10,9,Alegre
3,5,10,10,Alegre
3,5,10,11,Alegre
3,5,10,12,Asustado
3,5,10,13,Tranquilo
3,5,10,14,Alegre
3,5,11,2,Asustado
3,5,11,3,Poderoso
3,5,11,4,Alegre
3,5,11,5,Tranquilo
3,5,11,6,Alegre
3,5,11,7,Alegre
3,5,11,8,Alegre
3,5,11,9,Asustado
3,5,11,10,Tranquilo
3,5,11,11,Alegre
3,5,11,12,Tranquilo
3,5,11,13,Triste
3,5,11,14,Tranquilo
3,5,13,2,Alegre
3,5,13,3,Neutral
3,5,13,4,Neutral
3,5,13,5,Poderoso
3,5,13,6,Enojado
3,5,13,7,Poderoso
3,5,13,8,Neutral
3,5,13,9,Enojado
3,5,13,10,Enojado
3,5,13,11,Enojado
3,5,13,12,Poderoso
3,5,13,13,Tranquilo
3,5,13,14,Enojado
3,5,13,15,Neutral
3,5,13,16,Alegre
3,5,13,17,Tranquilo
3,5,13,18,Enojado
3,5,13,19,Neutral
3,5,13,20,Neutral
3,5,13,21,Enojado
3,5,13,22,Neutral
3,5,15,2,Neutral
3,5,15,3,Neutral
3,5,15,4,Poderoso
3,5,15,5,Alegre
3,5,15,6,Poderoso
3,5,15,7,Poderoso
3,5,15,9,Poderoso
3,5,15,10,Enojado
3,5,15,11,Alegre
3,6,1,2,Neutral
3,6,1,3,Neutral
3,6,1,4,Asustado
3,6,1,5,Poderoso
3,6,1,6,Neutral
3,6,1,7,Enojado
3,6,1,8,Alegre
3,6,1,9,Enojado
3,6,1,10,Enojado
3,6,1,11,Poderoso
3,6,1,12,Neutral
3,6,1,13,Asustado
3,6,1,14,Asustado
3,6,1,15,Alegre
3,6,3,2,Neutral
3,6,3,3,Neutral
3,6,3,4,Alegre
3,6,3,5,Poderoso
3,6,3,6,Alegre
3,6,4,2,Tranquilo
3,6,4,3,Neutral
3,6,4,4,Asustado
3,6,4,5,Tranquilo
3,6,4,6,Asustado
3,6,4,7,Tranquilo
3,6,7,2,Asustado
3,6,7,3,Alegre
3,6,7,4,Tranquilo
3,6,7,5,Alegre
3,6,7,6,Asustado
3,6,7,7,Neutral
3,6,7,8,Neutral
3,6,7,10,Asustado
3,6,7,11,Enojado
3,6,7,12,Enojado
3,6,7,13,Enojado
3,6,7,14,Enojado
3,6,7,16,Asustado
3,6,7,17,Tranquilo
3,6,7,18,Tranquilo
3,6,7,19,Poderoso
3,6,7,20,Enojado
3,6,7,21,Asustado
3,6,7,22,Poderoso
3,6,7,23,Asustado
3,6,7,24,Alegre
3,6,8,2,Neutral
3,6,8,3,Alegre
3,6,8,4,Alegre
3,6,8,5,Alegre
3,6,8,6,Neutral
3,6,8,8,Neutral
3,6,8,9,Neutral
3,6,8,10,Asustado
3,6,8,11,Asustado
3,6,8,12,Neutral
3,6,8,13,Asustado
3,6,8,14,Neutral
3,6,8,15,Alegre
3,6,8,16,Neutral
3,6,8,17,Neutral
3,6,8,18,Alegre
3,6,8,19,Alegre
3,6,8,20,Alegre
3,6,9,2,Asustado
3,6,9,3,Asustado
3,6,9,4,Enojado
3,6,9,5,Asustado
3,6,9,6,Asustado
3,6,9,7,Asustado
3,6,9,8,Asustado
3,6,9,9,Triste
3,6,9,10,Tranquilo
3,6,10,2,Neutral
3,6,10,3,Neutral
3,6,10,4,Asustado
3,6,10,5,Asustado
3,6,10,6,Asustado
3,6,10,7,Enojado
3,6,10,8,Asustado
3,6,10,9,Asustado
3,6,10,10,Poderoso
3,6,10,11,Asustado
3,6,10,12,Neutral
3,6,10,13,Neutral
3,6,10,14,Asustado
3,6,10,15,Asustado
3,6,10,16,Poderoso
3,6,10,17,Tranquilo
3,6,10,18,Tranquilo
3,6,10,19,Alegre
3,6,10,20,Asustado
3,6,10,21,Poderoso
3,6,11,2,Alegre
3,6,11,3,Tranquilo
3,6,11,4,Neutral
3,6,11,5,Neutral
3,6,11,6,Enojado
3,6,11,7,Tranquilo
3,6,11,9,Alegre
3,6,11,10,Alegre
3,6,11,11,Alegre
3,6,11,12,Poderoso
3,6,12,2,Neutral
3,6,12,3,Neutral
3,6,12,4,Alegre
3,6,12,5,Triste
3,6,12,6,Neutral
3,6,12,7,Triste
3,6,12,8,Neutral
3,6,12,9,Triste
3,6,12,10,Neutral
3,6,12,11,Triste
3,6,12,12,Tranquilo
3,6,13,2,Triste
3,6,13,3,Triste
3,6,13,4,Triste
3,6,13,5,Asustado
3,6,13,6,Enojado
3,6,13,7,Tranquilo
3,6,13,8,Triste
3,6,13,9,Tranquilo
3,6,13,10,Enojado
3,6,13,11,Triste
3,6,13,12,Poderoso
3,6,13,13,Triste
3,6,14,2,Alegre
3,6,14,3,Alegre
3,6,14,4,Tranquilo
3,6,14,5,Alegre
3,6,14,6,Neutral
3,6,14,7,Neutral
3,6,14,8,Alegre
3,6,14,9,Neutral
3,6,16,2,Alegre
3,6,16,3,Poderoso
3,6,16,5,Asustado
3,6,16,6,Neutral
3,6,16,7,Enojado
3,6,16,8,Triste
3,6,16,9,Asustado
3,6,16,10,Asustado
3,6,16,11,Tranquilo
3,7,1,2,Neutral
3,7,1,3,Tranquilo
3,7,1,4,Neutral
3,7,1,5,Alegre
3,7,1,6,Tranquilo
3,7,1,8,Neutral
3,7,2,2,Alegre
3,7,2,3,Alegre
3,7,2,4,Neutral
3,7,2,6,Triste
3,7,2,7,Triste
3,7,2,8,Enojado
3,7,2,9,Tranquilo
3,7,2,10,Alegre
3,7,2,11,Enojado
3,7,2,12,Enojado
3,7,2,13,Alegre
3,7,2,14,Alegre
3,7,4,2,Asustado
3,7,4,3,Neutral
3,7,4,4,Alegre
3,7,4,5,Alegre
3,7,4,6,Tranquilo
3,7,7,2,Alegre
3,7,7,3,Alegre
3,7,7,4,Neutral
3,7,7,5,Neutral
3,7,7,6,Tranquilo
3,7,7,7,Neutral
3,7,7,8,Triste
3,7,7,9,Neutral
3,7,7,10,Enojado
3,7,7,11,Alegre
3,7,7,12,Alegre
3,7,7,13,Neutral
3,7,7,14,Alegre
3,7,7,15,Neutral
3,7,7,16,Neutral
3,7,9,2,Alegre
3,7,9,3,Neutral
3,7,9,4,Neutral
3,7,9,5,Alegre
3,7,9,6,Poderoso
3,7,9,7,Tranquilo
3,7,9,8,Alegre
3,7,9,9,Neutral
3,7,10,2,Enojado
3,7,10,3,Neutral
3,7,10,4,Enojado
3,7,10,5,Neutral
3,7,10,7,Neutral
3,7,10,8,Neutral
3,7,10,9,Neutral
3,7,10,10,Triste
3,7,10,11,Neutral
3,7,10,12,Tranquilo
3,7,10,13,Alegre
3,7,10,14,Neutral
3,7,10,15,Triste
3,7,10,16,Triste
3,7,10,17,Triste
3,7,10,18,Triste
3,7,11,2,Asustado
3,7,11,3,Alegre
3,7,11,4,Enojado
3,7,11,5,Alegre
3,7,11,7,Enojado
3,7,11,9,Enojado
3,7,11,10,Asustado
3,7,11,11,Enojado
3,7,11,12,Asustado
3,7,11,13,Neutral
3,7,11,14,Neutral
3,7,11,15,Alegre
3,7,11,16,Enojado
3,7,11,17,Asustado
3,7,11,18,Enojado
3,7,11,19,Asustado
3,7,11,20,Poderoso
3,7,11,21,Asustado
3,7,12,2,Asustado
3,7,12,3,Alegre
3,7,12,4,Neutral
3,7,12,5,Alegre
3,7,12,6,Neutral
3,7,13,2,Enojado
3,7,13,3,Asustado
3,7,13,4,Enojado
3,7,13,5,Enojado
3,7,13,6,Tranquilo
3,7,13,7,Neutral
3,7,16,2,Neutral
3,7,16,3,Enojado
3,7,16,4,Enojado
3,7,16,5,Enojado
3,7,16,6,Enojado
3,7,16,7,Enojado
3,7,16,8,Enojado
3,7,16,10,Asustado
3,8,1,2,Alegre
3,8,1,3,Tranquilo
3,8,1,5,Tranquilo
3,8,1,6,Tranquilo
3,8,1,7,Enojado
3,8,1,8,Alegre
3,8,1,9,Tranquilo
3,8,1,10,Asustado
3,8,1,11,Alegre
3,8,1,12,Asustado
3,8,1,13,Asustado
3,8,1,14,Asustado
3,8,1,15,Asustado
3,8,1,16,Asustado
3,8,1,17,Asustado
3,8,1,18,Asustado
3,8,1,19,Poderoso
3,8,1,20,Triste
3,8,2,2,Tranquilo
3,8,2,3,Neutral
3,8,2,4,Alegre
3,8,2,5,Triste
3,8,2,6,Triste
3,8,2,7,Tranquilo
3,8,2,8,Triste
3,8,2,9,Alegre
3,8,2,10,Alegre
3,8,2,11,Enojado
3,8,2,12,Asustado
3,8,2,13,Asustado
3,8,2,14,Neutral
3,8,2,15,Enojado
3,8,2,16,Enojado
3,8,3,2,Enojado
3,8,3,3,Asustado
3,8,3,4,Tranquilo
3,8,3,5,Neutral
3,8,3,6,Enojado
3,8,3,7,Tranquilo
3,8,3,8,Poderoso
3,8,3,9,Asustado
3,8,3,10,Asustado
3,8,3,11,Neutral
3,8,3,12,Neutral
3,8,3,13,Neutral
3,8,3,14,Neutral
3,8,3,15,Neutral
3,8,3,16,Tranquilo
3,8,3,17,Neutral
3,8,5,2,Neutral
3,8,5,3,Alegre
3,8,5,4,Tranquilo
3,8,5,5,Tranquilo
3,8,5,6,Tranquilo
3,8,5,7,Tranquilo
3,8,5,8,Tranquilo
3,8,5,9,Asustado
3,8,5,10,Tranquilo
3,8,5,11,Asustado
3,8,5,12,Tranquilo
3,8,5,13,Asustado
3,8,5,14,Enojado
3,8,5,15,Asustado
3,8,5,16,Triste
3,8,5,17,Tranquilo
3,8,5,18,Enojado
3,8,5,19,Poderoso
3,8,6,2,Tranquilo
3,8,6,3,Neutral
3,8,6,4,Neutral
3,8,6,5,Asustado
3,8,6,6,Tranquilo
3,8,6,7,Asustado
3,8,6,8,Asustado
3,8,6,9,Alegre
3,8,6,10,Neutral
3,8,6,11,Alegre
3,8,6,12,Alegre
3,8,6,13,Tranquilo
3,8,6,14,Asustado
3,8,6,15,Asustado
3,8,6,16,Asustado
3,8,6,17,Poderoso
3,8,6,18,Alegre
3,8,6,19,Asustado
3,8,6,20,Triste
3,8,6,21,Poderoso
3,8,7,2,Alegre
3,8,7,3,Enojado
3,8,7,4,Neutral
3,8,7,5,Enojado
3,8,7,6,Asustado
3,8,7,7,Enojado
3,8,7,8,Poderoso
3,8,7,9,Enojado
3,8,7,10,Asustado
3,8,7,11,Neutral
3,8,7,12,Alegre
3,8,7,13,Enojado
3,8,7,14,Asustado
3,8,7,15,Neutral
3,8,7,17,Asustado
3,8,7,18,Poderoso
3,8,7,19,Asustado
3,8,7,20,Enojado
3,8,9,2,Alegre
3,8,9,3,Poderoso
3,8,9,4,Poderoso
3,8,9,5,Neutral
3,8,9,6,Poderoso
3,8,9,7,Neutral
3,8,9,8,Neutral
3,8,9,9,Neutral
3,8,9,10,Asustado
3,8,9,11,Enojado
3,8,9,12,Triste
3,8,9,13,Triste
3,8,9,14,Neutral
3,8,9,15,Asustado
3,8,9,16,Neutral
3,8,9,17,Asustado
3,8,9,18,Alegre
3,8,10,2,Asustado
3,8,10,3,Asustado
3,8,10,4,Poderoso
3,8,10,5,Poderoso
3,8,10,6,Poderoso
3,8,10,7,Poderoso
3,8,10,8,Enojado
3,8,10,10,Enojado
3,8,10,11,Tranquilo
3,8,10,12,Asustado
3,8,10,13,Neutral
3,8,10,14,Asustado
3,8,10,15,Asustado
3,8,10,16,Asustado
3,8,10,17,Asustado
3,8,10,18,Enojado
3,8,10,19,Enojado
3,8,10,20,Alegre
3,8,10,21,Neutral
3,8,11,2,Asustado
3,8,11,3,Neutral
3,8,11,4,Poderoso
3,8,11,5,Asustado
3,8,11,6,Poderoso
3,8,11,7,Triste
3,8,11,8,Asustado
3,8,11,9,Asustado
3,8,11,10,Asustado
3,8,11,11,Triste
3,8,11,12,Asustado
3,8,11,13,Triste
3,8,11,14,Asustado
3,8,11,15,Asustado
3,8,11,16,Asustado
3,8,11,17,Tranquilo
3,8,11,18,Asustado
3,8,11,19,Poderoso
3,8,11,20,Triste
3,8,11,21,Triste
3,8,11,22,Neutral
3,8,12,2,Asustado
3,8,12,3,Asustado
3,8,12,4,Asustado
3,8,12,5,Asustado
3,8,12,7,Asustado
3,8,12,8,Asustado
3,8,12,9,Asustado
3,8,12,10,Asustado
3,8,12,11,Asustado
3,8,12,12,Poderoso
3,8,13,2,Poderoso
3,8,13,3,Poderoso
3,8,13,4,Tranquilo
3,8,13,5,Poderoso
3,8,13,6,Triste
3,8,13,7,Poderoso
3,8,13,8,Poderoso
3,8,13,9,Poderoso
3,8,13,10,Poderoso
3,8,13,11,Poderoso
3,9,1,2,Alegre
3,9,1,3,Neutral
3,9,1,4,Tranquilo
3,9,1,5,Neutral
3,9,1,6,Neutral
3,9,1,8,Neutral
3,9,5,2,Alegre
3,9,5,3,Neutral
3,9,5,4,Neutral
3,9,5,5,Triste
3,9,5,6,Alegre
3,9,5,7,Neutral
3,9,6,2,Enojado
3,9,6,3,Enojado
3,9,6,4,Enojado
3,9,6,5,Neutral
3,9,6,6,Enojado
3,9,6,8,Alegre
3,9,6,10,Enojado
3,9,6,11,Enojado
3,10,1,2,Neutral
3,10,1,3,Neutral
3,10,1,4,Alegre
3,10,1,5,Neutral
3,10,1,6,Neutral
3,10,1,7,Neutral
3,10,1,8,Alegre
3,10,1,9,Poderoso
3,10,1,10,Enojado
3,10,1,11,Neutral
3,10,2,2,Neutral
3,10,2,3,Neutral
3,10,2,4,Alegre
3,10,2,5,Tranquilo
3,10,2,6,Alegre
3,10,2,8,Poderoso
3,10,3,2,Enojado
3,10,3,3,Triste
3,10,3,4,Neutral
3,10,3,5,Asustado
3,10,3,6,Enojado
3,10,3,8,Neutral
3,10,3,9,Triste
3,10,3,10,Triste
3,10,3,11,Neutral
3,10,3,12,Enojado
3,10,3,13,Asustado
3,10,3,14,Enojado
3,10,3,15,Alegre
3,10,3,16,Enojado
3,10,3,18,Poderoso
3,10,3,20,Neutral
3,10,3,21,Enojado
3,10,3,22,Enojado
3,10,3,23,Alegre
3,10,3,24,Neutral
3,10,3,25,Triste
3,10,3,26,Tranquilo
3,10,4,2,Tranquilo
3,10,4,3,Alegre
3,10,4,4,Tranquilo
3,10,4,5,Alegre
3,10,4,6,Neutral
3,10,4,7,Poderoso
3,10,4,8,Neutral
3,10,4,9,Neutral
3,10,4,10,Neutral
3,10,4,11,Neutral
3,10,4,12,Asustado
3,10,4,13,Alegre
3,10,4,14,Asustado
3,10,4,15,Poderoso
3,10,4,16,Tranquilo
3,10,4,17,Neutral
3,10,4,18,Tranquilo
3,10,4,19,Triste
3,10,5,2,Asustado
3,10,5,3,Tranquilo
3,10,5,4,Asustado
3,10,5,5,Alegre
3,10,5,6,Asustado
3,10,5,7,Neutral
3,10,5,8,Enojado
3,10,5,9,Asustado
3,10,5,10,Enojado
3,10,5,11,Asustado
3,10,5,12,Enojado
3,10,5,13,Enojado
3,10,6,2,Neutral
3,10,6,3,Neutral
3,10,6,4,Poderoso
3,10,6,5,Tranquilo
3,10,6,6,Poderoso
3,10,6,7,Neutral
3,10,6,8,Neutral
3,10,6,9,Tranquilo
3,10,6,10,Asustado
3,10,6,11,Neutral
3,10,6,12,Poderoso
3,10,6,13,Poderoso
3,10,6,14,Tranquilo
3,10,6,15,Neutral
3,10,6,16,Asustado
3,10,6,17,Asustado
3,10,9,2,Alegre
3,10,9,3,Alegre
3,10,9,4,Poderoso
3,10,9,5,Enojado
3,10,9,6,Enojado
3,10,9,7,Triste
3,10,9,8,Asustado
3,10,9,9,Enojado
3,10,9,10,Alegre
3,10,9,11,Poderoso
3,10,9,12,Poderoso
3,10,9,13,Asustado
3,10,9,14,Poderoso
3,10,9,15,Poderoso
3,10,9,16,Triste
3,10,10,2,Neutral
3,10,10,3,Enojado
3,10,10,4,Tranquilo
3,10,10,5,Enojado
3,10,10,6,Tranquilo
3,10,10,7,Enojado
3,10,10,8,Alegre
3,10,10,9,Neutral
3,10,10,10,Asustado
3,10,10,11,Tranquilo
3,10,10,12,Alegre
3,10,10,13,Neutral
3,10,10,14,Alegre
3,10,10,15,Poderoso
3,10,10,16,Alegre
3,10,10,17,Alegre
3,10,10,18,Asustado
3,10,11,2,Neutral
3,10,11,3,Triste
3,10,11,4,Alegre
3,10,11,5,Triste
3,10,11,6,Tranquilo
3,10,11,7,Triste
3,10,11,8,Tranquilo
3,10,11,9,Triste
3,10,11,10,Neutral
3,10,12,2,Alegre
3,10,12,4,Asustado
3,10,12,5,Alegre
3,10,12,6,Alegre
3,10,12,7,Neutral
3,10,12,9,Neutral
3,10,12,10,Alegre
3,10,12,11,Alegre
3,10,12,12,Alegre
3,10,12,13,Alegre
3,10,15,2,Alegre
3,10,15,3,Asustado
3,10,15,4,Alegre
3,10,15,5,Alegre
3,10,15,7,Alegre
3,10,15,8,Alegre
3,11,1,2,Alegre
3,11,1,3,Neutral
3,11,1,4,Alegre
3,11,1,6,Alegre
3,11,1,7,Alegre
3,11,1,8,Neutral
3,11,1,9,Poderoso
3,11,1,11,Neutral
3,11,1,12,Enojado
3,11,1,13,Enojado
3,11,1,14,Poderoso
3,11,1,15,Triste
3,11,1,16,Enojado
3,11,1,17,Poderoso
3,11,1,18,Triste
3,11,1,20,Alegre
3,11,1,21,Neutral
3,11,1,23,Enojado
3,11,1,24,Alegre
3,11,1,25,Alegre
3,11,2,2,Enojado
3,11,2,3,Tranquilo
3,11,2,4,Enojado
3,11,2,5,Neutral
3,11,2,6,Triste
3,11,2,7,Triste
3,11,2,8,Neutral
3,11,2,9,Triste
3,11,2,10,Tranquilo
3,11,2,11,Neutral
3,11,2,12,Alegre
3,11,2,13,Neutral
3,11,2,15,Enojado
3,11,2,17,Neutral
3,11,3,2,Alegre
3,11,3,3,Neutral
3,11,3,4,Enojado
3,11,3,5,Neutral
3,11,3,6,Poderoso
3,11,3,7,Neutral
3,11,3,8,Neutral
3,11,3,9,Neutral
3,11,3,10,Poderoso
3,11,3,11,Alegre
3,11,3,12,Alegre
3,11,3,13,Tranquilo
3,11,3,14,Alegre
3,11,4,2,Enojado
3,11,4,3,Tranquilo
3,11,4,4,Enojado
3,11,4,5,Tranquilo
3,11,4,6,Asustado
3,11,4,8,Tranquilo
3,11,4,9,Alegre
3,11,4,10,Enojado
3,11,4,11,Alegre
3,11,4,12,Enojado
3,11,4,13,Alegre
3,11,4,14,Asustado
3,11,4,15,Tranquilo
3,11,4,16,Neutral
3,11,6,2,Alegre
3,11,6,3,Poderoso
3,11,6,5,Tranquilo
3,11,6,6,Tranquilo
3,11,6,7,Triste
3,11,6,8,Neutral
3,11,6,9,Alegre
3,11,6,10,Alegre
3,11,6,11,Alegre
3,11,6,12,Asustado
3,11,6,13,Poderoso
3,11,6,14,Asustado
3,11,6,15,Triste
3,11,6,16,Enojado
3,11,8,2,Asustado
3,11,8,3,Triste
3,11,8,4,Asustado
3,11,8,5,Tranquilo
3,11,8,7,Alegre
3,11,8,9,Asustado
3,11,8,10,Poderoso
3,11,8,11,Alegre
3,11,8,13,Poderoso
3,11,8,14,Tranquilo
3,11,8,15,Alegre
3,11,9,2,Neutral
3,11,9,3,Tranquilo
3,11,9,4,Tranquilo
3,11,9,5,Asustado
3,11,9,6,Alegre
3,11,10,2,Asustado
3,11,10,3,Neutral
3,11,10,4,Neutral
3,11,10,5,Poderoso
3,11,10,6,Neutral
3,11,10,7,Neutral
3,11,10,9,Alegre
3,11,13,2,Alegre
3,11,13,3,Alegre
3,11,13,4,Tranquilo
3,11,13,5,Tranquilo
3,11,13,6,Asustado
3,11,13,7,Tranquilo
3,11,13,8,Neutral
3,11,13,9,Tranquilo
3,11,13,10,Alegre
3,11,13,11,Alegre
3,11,13,12,Alegre
3,11,13,13,Asustado
3,11,13,14,Tranquilo
3,11,13,15,Neutral
3,11,13,16,Neutral
3,11,13,17,Alegre
3,11,13,18,Alegre
3,11,13,19,Alegre
3,11,13,20,Alegre
3,11,13,21,Alegre
3,11,13,22,Alegre
3,11,13,23,Triste
3,11,14,2,Tranquilo
3,11,14,3,Alegre
3,11,14,4,Tranquilo
3,11,14,5,Enojado
3,11,14,6,Enojado
3,11,14,7,Alegre
3,11,14,9,Alegre
3,11,14,11,Neutral
3,11,14,12,Enojado
3,11,14,13,Poderoso
3,11,14,14,Alegre
3,11,14,15,Tranquilo
3,11,14,16,Poderoso
3,11,14,17,Triste
3,11,14,18,Tranquilo
3,11,14,20,Asustado
3,12,2,2,Asustado
3,12,2,3,Tranquilo
3,12,2,4,Poderoso
3,12,2,5,Tranquilo
3,12,2,6,Alegre
3,12,2,7,Poderoso
3,12,2,8,Asustado
3,12,2,9,Asustado
3,12,2,10,Enojado
3,12,2,11,Alegre
3,12,2,12,Enojado
3,12,2,13,Tranquilo
3,12,2,14,Poderoso
3,12,4,2,Neutral
3,12,4,3,Neutral
3,12,4,4,Poderoso
3,12,4,5,Neutral
3,12,4,6,Neutral
3,12,4,7,Neutral
3,12,4,9,Neutral
3,12,4,10,Neutral
3,12,4,11,Neutral
3,12,4,12,Neutral
3,12,4,13,Neutral
3,12,4,14,Triste
3,12,4,15,Triste
3,12,4,16,Neutral
3,12,4,17,Neutral
3,12,4,18,Poderoso
3,12,4,19,Neutral
3,12,4,20,Poderoso
3,12,4,21,Alegre
3,12,5,2,Alegre
3,12,5,3,Alegre
3,12,5,4,Tranquilo
3,12,5,5,Neutral
3,12,5,6,Tranquilo
3,12,5,7,Neutral
3,12,5,8,Neutral
3,12,5,9,Neutral
3,12,7,2,Alegre
3,12,7,3,Alegre
3,12,7,4,Asustado
3,12,7,5,Alegre
3,12,7,6,Neutral
3,12,7,7,Enojado
3,12,7,8,Alegre
3,12,7,9,Neutral
3,12,7,10,Alegre
3,12,7,11,Alegre
3,12,7,12,Alegre
3,12,7,13,Alegre
3,12,7,14,Alegre
3,12,7,15,Alegre
3,12,8,2,Asustado
3,12,8,3,Enojado
3,12,8,4,Tranquilo
3,12,8,5,Enojado
3,12,8,6,Enojado
3,12,8,7,Enojado
3,12,8,8,Enojado
3,12,8,9,Neutral
3,12,8,10,Enojado
3,12,9,2,Alegre
3,12,9,3,Alegre
3,12,9,4,Asustado
3,12,9,5,Neutral
3,12,9,6,Tranquilo
3,12,9,7,Neutral
3,12,9,8,Tranquilo
3,12,9,9,Asustado
3,12,9,10,Neutral
3,12,10,2,Neutral
3,12,10,3,Alegre
3,12,10,4,Enojado
3,12,10,5,Neutral
3,12,10,6,Enojado
3,12,10,8,Alegre
3,12,10,9,Alegre
3,12,10,11,Alegre
3,12,10,13,Enojado
3,12,10,14,Neutral
3,12,10,15,Enojado
3,12,10,16,Enojado
3,12,10,18,Enojado
3,12,11,2,Asustado
3,12,11,3,Asustado
3,12,11,4,Poderoso
3,12,11,5,Neutral
3,12,11,6,Alegre
3,12,11,7,Asustado
3,12,11,8,Alegre
3,12,11,9,Asustado
3,12,12,2,Alegre
3,12,12,3,Neutral
3,12,12,4,Neutral
3,12,12,5,Neutral
3,12,12,6,Neutral
3,12,12,7,Neutral
3,12,12,8,Neutral
3,12,12,9,Poderoso
3,12,12,10,Tranquilo
3,12,13,2,Enojado
3,12,13,3,Poderoso
3,12,13,4,Enojado
3,12,13,5,Asustado
3,12,13,6,Alegre
3,12,13,7,Neutral
3,12,13,8,Alegre
3,12,13,9,Tranquilo
3,12,13,10,Triste
3,12,13,11,Alegre
3,12,13,12,Enojado
3,12,14,2,Alegre
3,12,14,4,Neutral
3,12,14,5,Neutral
3,12,14,6,Neutral
3,12,14,7,Neutral
3,12,14,8,Neutral
3,12,16,2,Neutral
3,12,16,3,Neutral
3,12,16,5,Alegre
3,12,16,6,Poderoso
3,12,16,7,Poderoso
3,12,16,8,Poderoso
3,13,1,2,Neutral
3,13,1,4,Neutral
3,13,1,5,Enojado
3,13,1,6,Poderoso
3,13,1,7,Enojado
3,13,1,8,Poderoso
3,13,1,9,Alegre
3,13,1,10,Alegre
3,13,1,11,Alegre
3,13,1,12,Alegre
3,13,1,13,Enojado
3,13,1,14,Asustado
3,13,1,15,Asustado
3,13,1,16,Asustado
3,13,1,17,Asustado
3,13,1,18,Tranquilo
3,13,1,19,Tranquilo
3,13,2,2,Alegre
3,13,2,3,Alegre
3,13,2,4,Alegre
3,13,2,5,Triste
3,13,2,6,Triste
3,13,2,7,Alegre
3,13,2,8,Triste
3,13,2,9,Neutral
3,13,2,10,Tranquilo
3,13,2,11,Alegre
3,13,4,2,Alegre
3,13,4,3,Alegre
3,13,4,4,Neutral
3,13,4,5,Tranquilo
3,13,4,6,Alegre
3,13,4,7,Alegre
3,13,4,8,Poderoso
3,13,4,9,Asustado
3,13,4,10,Tranquilo
3,13,4,11,Alegre
3,13,4,12,Tranquilo
3,13,4,13,Tranquilo
3,13,4,14,Tranquilo
3,13,4,15,Enojado
3,13,4,16,Enojado
3,13,4,17,Tranquilo
3,13,4,18,Enojado
3,13,4,19,Alegre
3,13,4,20,Alegre
3,13,4,21,Triste
3,13,4,22,Tranquilo
3,13,4,23,Asustado
3,13,6,2,Poderoso
3,13,6,3,Alegre
3,13,6,5,Asustado
3,13,6,6,Poderoso
3,13,6,7,Asustado
3,13,6,8,Neutral
3,13,6,9,Neutral
3,13,6,10,Neutral
3,13,6,11,Tranquilo
3,13,6,12,Neutral
3,13,6,14,Neutral
3,13,6,15,Tranquilo
3,13,6,16,Neutral
3,13,6,17,Tranquilo
3,13,6,19,Neutral
3,13,6,20,Triste
3,13,6,21,Tranquilo
3,13,9,2,Neutral
3,13,9,3,Alegre
3,13,9,4,Enojado
3,13,9,5,Neutral
3,13,9,6,Neutral
3,13,9,7,Neutral
3,13,9,8,Asustado
3,13,9,9,Neutral
3,13,9,10,Tranquilo
3,13,9,11,Neutral
3,13,11,2,Neutral
3,13,11,3,Asustado
3,13,11,4,Enojado
3,13,11,6,Alegre
3,13,11,7,Alegre
3,13,11,8,Enojado
3,13,11,10,Neutral
3,13,11,11,Alegre
3,13,12,2,Asustado
3,13,12,3,Neutral
3,13,12,4,Asustado
3,13,12,5,Enojado
3,13,12,6,Alegre
3,13,12,7,Alegre
3,13,12,8,Neutral
3,13,12,9,Poderoso
3,13,12,10,Neutral
3,13,12,11,Neutral
3,13,12,12,Asustado
3,13,12,13,Neutral
3,13,12,14,Neutral
3,13,12,15,Alegre
3,13,12,16,Enojado
3,13,12,17,Asustado
3,13,12,18,Enojado
3,13,14,2,Asustado
3,13,14,3,Triste
3,13,14,4,Triste
3,13,14,5,Triste
3,13,14,7,Neutral
3,13,14,8,Neutral
3,13,14,9,Tranquilo
3,13,14,10,Neutral
3,13,14,11,Neutral
3,14,1,2,Alegre
3,14,1,3,Alegre
3,14,1,4,Alegre
3,14,1,5,Alegre
3,14,1,6,Enojado
3,14,1,7,Alegre
3,14,1,8,Neutral
3,14,1,9,Tranquilo
3,14,1,10,Alegre
3,14,1,11,Enojado
3,14,1,12,Poderoso
3,14,1,14,Enojado
3,14,2,2,Alegre
3,14,2,3,Alegre
3,14,2,4,Neutral
3,14,2,5,Tranquilo
3,14,2,6,Neutral
3,14,2,7,Tranquilo
3,14,2,8,Alegre
3,14,2,9,Alegre
3,14,2,10,Alegre
3,14,2,11,Neutral
3,14,2,12,Triste
3,14,2,13,Tranquilo
3,14,2,14,Neutral
3,14,2,15,Tranquilo
3,14,2,16,Neutral
3,14,2,17,Neutral
3,14,2,18,Poderoso
3,14,2,19,Triste
3,14,2,20,Neutral
3,14,3,2,Neutral
3,14,3,3,Enojado
3,14,3,5,Tranquilo
3,14,3,6,Tranquilo
3,14,3,8,Tranquilo
3,14,3,9,Tranquilo
3,14,3,10,Poderoso
3,14,3,11,Neutral
3,14,3,12,Asustado
3,14,3,13,Poderoso
3,14,4,2,Neutral
3,14,4,3,Asustado
3,14,4,4,Asustado
3,14,4,6,Asustado
3,14,4,8,Enojado
3,14,5,2,Alegre
3,14,5,3,Alegre
3,14,5,4,Alegre
3,14,5,5,Alegre
3,14,5,6,Alegre
3,14,5,7,Triste
3,14,5,8,Asustado
3,14,5,9,Neutral
3,14,5,10,Tranquilo
3,14,5,11,Asustado
3,14,5,12,Triste
3,14,5,13,Asustado
3,14,5,14,Tranquilo
3,14,5,15,Tranquilo
3,14,5,16,Tranquilo
3,14,5,17,Triste
3,14,5,18,Triste
3,14,5,20,Tranquilo
3,14,5,21,Tranquilo
3,14,7,2,Alegre
3,14,7,3,Alegre
3,14,7,4,Enojado
3,14,7,5,Enojado
3,14,7,6,Alegre
3,14,7,7,Tranquilo
3,14,7,8,Triste
3,14,7,9,Neutral
3,14,7,10,Neutral
3,14,7,11,Neutral
3,14,8,2,Neutral
3,14,8,3,Neutral
3,14,8,4,Neutral
3,14,8,5,Neutral
3,14,8,6,Enojado
3,14,8,7,Neutral
3,14,8,8,Enojado
3,14,8,9,Enojado
3,14,8,10,Enojado
3,14,8,11,Enojado
3,14,8,12,Enojado
3,14,8,13,Enojado
3,14,8,14,Enojado
3,14,8,15,Alegre
3,14,8,16,Alegre
3,14,8,17,Alegre
3,14,8,18,Alegre
3,14,8,19,Asustado
3,14,9,2,Poderoso
3,14,9,3,Asustado
3,14,9,4,Neutral
3,14,9,5,Enojado
3,14,9,6,Tranquilo
3,14,9,7,Tranquilo
3,14,9,8,Tranquilo
3,14,9,9,Tranquilo
3,14,9,10,Poderoso
3,14,9,11,Asustado
3,14,12,2,Alegre
3,14,12,3,Alegre
3,14,12,4,Alegre
3,14,12,5,Tranquilo
3,14,12,6,Alegre
3,14,12,7,Neutral
3,14,12,8,Poderoso
3,14,12,9,Triste
3,14,12,10,Neutral
3,14,14,2,Alegre
3,14,14,3,Alegre
3,14,14,4,Alegre
3,14,14,5,Poderoso
3,14,14,6,Alegre
3,14,14,7,Alegre
3,14,14,8,Alegre
3,14,14,9,Neutral
3,14,14,10,Poderoso
3,14,14,11,Poderoso
3,14,14,12,Alegre
3,14,14,13,Poderoso
3,14,14,14,Tranquilo
3,14,14,15,Neutral
3,14,14,16,Triste
3,14,15,2,Triste
3,14,15,3,Enojado
3,14,15,4,Enojado
3,14,15,5,Enojado
3,14,15,6,Enojado
3,14,15,7,Enojado
3,14,15,8,Enojado
3,14,15,9,Enojado
3,14,15,10,Alegre
3,14,15,11,Asustado
3,14,15,12,Triste
3,14,15,13,Tranquilo
3,14,15,14,Neutral
3,14,15,15,Tranquilo
3,14,15,16,Asustado
3,14,16,2,Neutral
3,14,16,3,Tranquilo
3,14,16,4,Triste
3,14,16,5,Neutral
3,14,16,6,Neutral
3,14,16,8,Neutral
3,14,16,9,Neutral
3,14,16,10,Neutral
3,14,16,11,Tranquilo
3,14,16,12,Neutral
3,14,16,13,Alegre
3,14,16,14,Asustado
3,14,16,15,Triste
3,14,16,16,Asustado
3,14,17,2,Asustado
3,14,17,3,Asustado
3,14,17,4,Enojado
3,14,17,5,Alegre
3,14,17,6,Enojado
3,14,17,7,Triste
3,14,17,8,Enojado
3,14,18,2,Neutral
3,14,18,4,Triste
3,14,18,5,Neutral
3,14,18,6,Neutral
3,14,18,7,Neutral
3,14,18,8,Alegre
3,14,18,9,Enojado
3,14,19,2,Alegre
3,14,19,3,Neutral
3,14,19,4,Neutral
3,14,19,5,Neutral
3,14,19,6,Alegre
3,14,19,7,Alegre
3,14,19,8,Enojado
3,14,19,9,Alegre
3,14,19,10,Poderoso
3,15,2,2,Neutral
3,15,2,3,Poderoso
3,15,2,4,Asustado
3,15,2,5,Asustado
3,15,2,6,Poderoso
3,15,2,7,Enojado
3,15,2,8,Neutral
3,15,2,9,Neutral
3,15,2,10,Alegre
3,15,2,11,Alegre
3,15,2,12,Alegre
3,15,2,14,Alegre
3,15,2,15,Alegre
3,15,2,16,Alegre
3,15,2,17,Alegre
3,15,3,3,Neutral
3,15,3,4,Neutral
3,15,3,6,Neutral
3,15,3,7,Alegre
3,15,3,9,Alegre
3,15,3,10,Alegre
3,15,3,12,Enojado
3,15,3,13,Neutral
3,15,4,2,Neutral
3,15,4,3,Alegre
3,15,4,4,Neutral
3,15,4,5,Neutral
3,15,4,6,Triste
3,15,4,7,Neutral
3,15,4,8,Neutral
3,15,4,9,Neutral
3,15,4,10,Neutral
3,15,4,11,Neutral
3,15,4,12,Enojado
3,15,4,13,Neutral
3,15,4,14,Neutral
3,15,4,15,Alegre
3,15,4,17,Neutral
3,15,4,18,Neutral
3,15,4,19,Neutral
3,15,4,20,Neutral
3,15,4,21,Triste
3,15,4,22,Triste
3,15,4,23,Poderoso
3,15,4,25,Alegre
3,15,4,26,Neutral
3,15,4,27,Enojado
3,15,5,2,Neutral
3,15,5,3,Neutral
3,15,5,4,Neutral
3,15,5,5,Neutral
3,15,5,6,Alegre
3,15,5,7,Neutral
3,15,5,8,Neutral
3,15,5,9,Neutral
3,15,5,10,Neutral
3,15,5,11,Neutral
3,15,5,12,Neutral
3,15,5,13,Neutral
3,15,5,14,Neutral
3,15,5,15,Neutral
3,15,5,16,Neutral
3,15,5,17,Neutral
3,15,5,18,Neutral
3,15,5,19,Neutral
3,15,5,20,Neutral
3,15,5,21,Neutral
3,15,5,22,Neutral
3,15,7,2,Neutral
3,15,7,3,Neutral
3,15,7,4,Neutral
3,15,7,5,Enojado
3,15,7,6,Enojado
3,15,7,7,Enojado
3,15,7,8,Enojado
3,15,7,9,Enojado
3,15,7,10,Enojado
3,15,7,11,Enojado
3,15,7,12,Enojado
3,15,7,13,Enojado
3,15,7,14,Enojado
3,15,7,15,Enojado
3,15,7,16,Enojado
3,15,7,17,Enojado
3,15,7,18,Enojado
3,15,7,19,Enojado
3,15,7,20,Asustado
3,15,7,21,Enojado
3,15,7,22,Neutral
3,15,7,23,Enojado
3,15,7,24,Tranquilo
3,15,7,25,Enojado
3,15,8,2,Alegre
3,15,8,4,Alegre
3,15,8,5,Alegre
3,15,8,6,Alegre
3,15,8,7,Neutral
3,15,8,8,Alegre
3,15,8,9,Enojado
3,15,8,10,Neutral
3,15,8,11,Enojado
3,15,9,2,Alegre
3,15,9,3,Alegre
3,15,9,4,Poderoso
3,15,9,5,Alegre
3,15,9,7,Neutral
3,15,9,8,Neutral
3,15,9,10,Neutral
3,15,9,11,Neutral
3,15,9,12,Neutral
3,15,9,13,Alegre
3,15,9,15,Alegre
3,15,9,16,Alegre
3,15,9,17,Neutral
3,15,9,18,Enojado
3,15,9,19,Asustado
3,15,9,20,Enojado
3,15,9,21,Triste
3,15,9,22,Alegre
3,15,10,2,Alegre
3,15,10,3,Alegre
3,15,10,4,Triste
3,15,10,5,Asustado
3,15,10,6,Alegre
3,15,10,7,Neutral
3,15,10,8,Neutral
3,15,10,9,Neutral
3,15,10,10,Triste
3,15,10,11,Neutral
3,15,10,12,Triste
3,15,10,13,Tranquilo
3,15,10,14,Triste
3,15,10,15,Tranquilo
3,15,10,16,Triste
3,15,11,2,Neutral
3,15,11,3,Triste
3,15,11,4,Triste
3,15,11,5,Enojado
3,15,11,6,Triste
3,15,11,8,Neutral
3,15,11,9,Tranquilo
3,15,11,10,Neutral
3,15,11,11,Neutral
3,15,12,2,Triste
3,15,12,3,Neutral
3,15,12,4,Triste
3,15,12,5,Neutral
3,15,12,6,Tranquilo
3,15,12,8,Neutral
3,15,12,9,Alegre
3,15,12,10,Alegre
3,15,12,11,Neutral
3,15,12,12,Neutral
3,15,12,13,Neutral
3,15,12,14,Neutral
3,15,12,15,Neutral
3,15,12,17,Neutral
3,15,12,18,Neutral
3,15,12,20,Enojado
3,15,12,21,Tranquilo
3,15,12,22,Triste
3,15,12,23,Tranquilo
3,15,12,24,Neutral
3,15,12,25,Tranquilo
3,15,13,2,Triste
3,15,13,3,Triste
3,15,13,4,Asustado
3,15,13,6,Triste
3,15,13,7,Poderoso
3,15,13,9,Enojado
3,15,13,10,Neutral
3,15,13,11,Triste
3,15,13,13,Poderoso
3,15,13,14,Alegre
3,15,13,15,Asustado
3,15,13,16,Alegre
3,15,13,17,Alegre
3,15,13,18,Tranquilo
3,15,13,19,Tranquilo
3,15,13,20,Alegre
3,15,17,3,Alegre
3,15,17,4,Tranquilo
3,15,17,5,Tranquilo
3,15,17,6,Poderoso
3,15,17,8,Alegre
3,16,1,2,Triste
3,16,1,3,Enojado
3,16,1,4,Enojado
3,16,1,5,Enojado
3,16,1,6,Tranquilo
3,16,1,7,Enojado
3,16,1,8,Tranquilo
3,16,1,9,Triste
3,16,2,2,Triste
3,16,2,3,Asustado
3,16,2,4,Neutral
3,16,2,5,Neutral
3,16,2,6,Neutral
3,16,2,7,Neutral
3,16,2,8,Asustado
3,16,2,9,Enojado
3,16,4,2,Neutral
3,16,4,3,Neutral
3,16,4,4,Neutral
3,16,4,5,Triste
3,16,4,6,Triste
3,16,4,7,Triste
3,16,4,8,Asustado
3,16,4,9,Asustado
3,16,4,10,Enojado
3,16,4,11,Alegre
3,16,4,12,Enojado
3,16,4,13,Neutral
3,16,4,14,Asustado
3,16,4,15,Alegre
3,16,7,2,Alegre
3,16,7,3,Neutral
3,16,7,4,Neutral
3,16,7,5,Neutral
3,16,7,6,Poderoso
3,16,7,7,Tranquilo
3,16,7,8,Tranquilo
3,16,7,9,Alegre
3,16,7,10,Tranquilo
3,16,7,11,Poderoso
3,16,7,12,Alegre
3,16,7,13,Tranquilo
3,16,7,14,Alegre
3,16,7,15,Tranquilo
3,16,7,16,Asustado
3,16,7,17,Tranquilo
3,16,7,18,Tranquilo
3,16,8,2,Asustado
3,16,8,3,Poderoso
3,16,8,4,Triste
3,16,8,5,Alegre
3,16,8,6,Tranquilo
3,16,8,7,Tranquilo
3,16,8,8,Neutral
3,16,8,9,Neutral
3,16,8,10,Neutral
3,16,8,11,Poderoso
3,16,8,12,Tranquilo
3,16,8,13,Tranquilo
3,16,8,14,Neutral
3,16,8,15,Poderoso
3,16,8,16,Tranquilo
3,16,8,17,Poderoso
3,16,9,2,Neutral
3,16,9,3,Poderoso
3,16,9,4,Neutral
3,16,9,5,Triste
3,16,9,6,Neutral
3,16,9,7,Enojado
3,16,9,8,Neutral
3,16,9,9,Neutral
3,16,9,10,Enojado
3,16,9,11,Neutral
3,16,11,2,Enojado
3,16,11,3,Alegre
3,16,11,4,Enojado
3,16,11,5,Enojado
3,16,11,6,Tranquilo
3,16,11,7,Triste
3,16,11,8,Triste
3,16,11,9,Enojado
3,16,11,10,Tranquilo
3,16,11,11,Neutral
3,16,11,12,Alegre
3,16,11,13,Tranquilo
3,16,11,14,Tranquilo
3,16,11,15,Asustado
3,16,11,16,Enojado
3,16,14,2,Neutral
3,16,14,3,Asustado
3,16,14,4,Asustado
3,16,14,6,Neutral
3,16,14,7,Triste
3,17,3,2,Neutral
3,17,3,3,Neutral
3,17,3,4,Alegre
3,17,3,5,Neutral
3,17,3,6,Alegre
3,17,3,7,Alegre
3,17,3,8,Neutral
3,17,3,9,Alegre
3,17,3,10,Neutral
3,17,3,11,Neutral
3,17,3,12,Triste
3,17,3,13,Neutral
3,17,3,14,Triste
3,17,3,15,Neutral
3,17,3,16,Neutral
3,17,3,17,Triste
3,17,3,18,Triste
3,17,3,19,Alegre
3,17,3,20,Triste
3,17,3,21,Neutral
3,17,4,2,Triste
3,17,4,3,Poderoso
3,17,4,4,Tranquilo
3,17,4,5,Asustado
3,17,4,7,Tranquilo
3,17,4,8,Neutral
3,17,4,9,Tranquilo
3,17,4,10,Asustado
3,17,4,11,Tranquilo
3,17,4,12,Poderoso
3,17,4,13,Tranquilo
3,17,4,14,Neutral
3,17,4,15,Neutral
3,17,4,16,Poderoso
3,17,4,17,Alegre
3,17,5,2,Neutral
3,17,5,3,Asustado
3,17,5,5,Alegre
3,17,5,6,Asustado
3,17,5,8,Neutral
3,17,5,9,Neutral
3,17,5,10,Neutral
3,17,5,11,Alegre
3,17,5,12,Neutral
3,17,5,13,Alegre
3,17,5,14,Neutral
3,17,5,15,Asustado
3,17,7,2,Alegre
3,17,7,3,Neutral
3,17,7,4,Neutral
3,17,7,5,Tranquilo
3,17,7,6,Tranquilo
3,17,7,7,Neutral
3,17,7,8,Neutral
3,17,7,9,Asustado
3,17,7,10,Tranquilo
3,17,7,11,Tranquilo
3,17,7,12,Neutral
3,17,7,13,Neutral
3,17,7,14,Neutral
3,17,7,15,Triste
3,17,7,16,Triste
3,17,7,17,Neutral
3,17,7,18,Tranquilo
3,17,7,19,Alegre
3,17,7,20,Alegre
3,17,7,21,Triste
3,17,8,2,Neutral
3,17,8,3,Alegre
3,17,8,4,Neutral
3,17,8,5,Neutral
3,17,8,6,Enojado
3,17,8,7,Neutral
3,17,8,8,Enojado
3,17,8,9,Asustado
3,17,8,10,Asustado
3,17,8,11,Asustado
3,17,8,12,Asustado
3,17,8,13,Enojado
3,17,8,14,Asustado
3,17,8,15,Enojado
3,17,8,16,Alegre
3,17,8,18,Neutral
3,17,8,19,Enojado
3,17,8,20,Neutral
3,17,8,21,Enojado
3,17,8,22,Neutral
3,17,9,2,Asustado
3,17,9,3,Alegre
3,17,9,5,Neutral
3,17,9,6,Neutral
3,17,9,8,Tranquilo
3,17,9,9,Neutral
3,17,9,10,Asustado
3,17,9,12,Neutral
3,17,9,13,Triste
3,17,9,14,Enojado
3,17,9,15,Neutral
3,17,9,16,Neutral
3,17,9,17,Poderoso
3,17,9,18,Poderoso
3,17,9,19,Poderoso
3,17,9,20,Triste
3,17,9,21,Neutral
3,17,9,22,Neutral
3,17,9,23,Enojado
3,17,9,24,Neutral
3,17,9,25,Enojado
3,17,9,26,Enojado
3,17,11,2,Enojado
3,17,11,3,Asustado
3,17,11,4,Tranquilo
3,17,11,5,Alegre
3,17,11,6,Alegre
3,17,11,7,Neutral
3,17,11,8,Enojado
3,17,11,9,Neutral
3,17,11,10,Alegre
3,17,11,11,Asustado
3,17,11,12,Enojado
3,17,11,13,Asustado
3,18,1,2,Alegre
3,18,1,3,Neutral
3,18,1,4,Alegre
3,18,1,5,Alegre
3,18,1,7,Tranquilo
3,18,1,8,Tranquilo
3,18,1,9,Neutral
3,18,1,10,Neutral
3,18,1,12,Tranquilo
3,18,1,13,Poderoso
3,18,1,15,Alegre
3,18,1,16,Enojado
3,18,1,17,Alegre
3,18,1,18,Enojado
3,18,1,19,Neutral
3,18,1,20,Enojado
3,18,1,21,Enojado
3,18,1,22,Poderoso
3,18,1,23,Enojado
3,18,1,24,Poderoso
3,18,1,25,Enojado
3,18,1,26,Neutral
3,18,4,2,Triste
3,18,4,3,Neutral
3,18,4,4,Neutral
3,18,4,5,Neutral
3,18,4,6,Asustado
3,18,4,7,Tranquilo
3,18,4,8,Enojado
3,18,4,9,Alegre
3,18,4,10,Alegre
3,18,4,11,Alegre
3,18,4,12,Alegre
3,18,5,2,Enojado
3,18,5,3,Asustado
3,18,5,4,Asustado
3,18,5,5,Enojado
3,18,5,6,Enojado
3,18,5,7,Asustado
3,18,5,8,Asustado
3,18,5,9,Triste
3,18,5,10,Triste
3,18,5,11,Asustado
3,18,5,12,Poderoso
3,18,5,13,Asustado
3,18,5,14,Poderoso
3,18,5,15,Enojado
3,18,9,2,Alegre
3,18,9,3,Asustado
3,18,9,4,Asustado
3,18,9,5,Neutral
3,18,9,6,Enojado
3,18,9,7,Tranquilo
3,18,9,8,Enojado
3,18,10,2,Tranquilo
3,18,10,3,Neutral
3,18,10,5,Neutral
3,18,10,6,Poderoso
3,18,10,7,Enojado
3,18,10,8,Asustado
3,18,10,9,Enojado
3,18,10,10,Neutral
3,18,10,11,Enojado
3,18,10,12,Neutral
3,18,10,13,Poderoso
3,18,10,14,Enojado
3,18,10,15,Neutral
3,18,10,16,Enojado
3,18,10,17,Alegre
3,18,10,18,Neutral
3,18,10,19,Neutral
3,18,10,20,Neutral
3,18,10,21,Poderoso
3,18,11,2,Alegre
3,18,11,3,Asustado
3,18,11,4,Triste
3,18,11,5,Tranquilo
3,18,11,6,Triste
3,18,11,7,Tranquilo
3,18,11,8,Triste
3,18,11,9,Tranquilo
3,18,11,10,Triste
3,18,11,11,Tranquilo
3,18,11,12,Triste
3,18,11,13,Tranquilo
3,18,11,14,Triste
3,18,11,15,Triste
3,18,11,16,Asustado
3,18,11,17,Alegre
3,18,11,18,Enojado
3,18,11,19,Asustado
3,18,11,20,Triste
3,18,11,21,Asustado
3,18,11,22,Enojado
3,18,12,2,Alegre
3,18,12,3,Alegre
3,18,12,4,Enojado
3,18,12,5,Poderoso
3,18,12,6,Enojado
3,18,12,7,Alegre
3,18,12,8,Alegre
3,18,12,9,Tranquilo
3,18,12,10,Alegre
3,18,12,11,Alegre
3,18,12,12,Alegre
3,18,12,14,Tranquilo
3,18,12,15,Enojado
3,18,12,16,Triste
3,18,12,17,Triste
3,18,12,18,Alegre
3,18,12,19,Alegre
3,18,12,20,Alegre
3,18,12,21,Alegre
3,18,13,2,Poderoso
3,18,13,3,Tranquilo
3,18,13,4,Poderoso
3,18,13,5,Alegre
3,18,13,6,Alegre
3,18,15,2,Triste
3,18,15,3,Neutral
3,18,15,4,Neutral
3,18,15,5,Asustado
3,18,15,6,Asustado
3,18,15,7,Asustado
3,18,15,8,Asustado
3,18,15,9,Poderoso
3,18,15,10,Asustado
3,19,1,2,Alegre
3,19,1,3,Alegre
3,19,1,4,Tranquilo
3,19,1,5,Tranquilo
3,19,1,6,Alegre
3,19,1,7,Tranquilo
3,19,1,8,Tranquilo
3,19,1,9,Alegre
3,19,1,11,Alegre
3,19,1,13,Triste
3,19,2,2,Neutral
3,19,2,3,Alegre
3,19,2,4,Alegre
3,19,2,5,Neutral
3,19,2,7,Enojado
3,19,2,8,Alegre
3,19,2,9,Enojado
3,19,2,10,Alegre
3,19,2,11,Neutral
3,19,2,12,Alegre
3,19,2,13,Alegre
3,19,2,14,Neutral
3,19,2,15,Enojado
3,19,2,16,Neutral
3,19,2,17,Neutral
3,19,2,18,Alegre
3,19,2,19,Alegre
3,19,2,20,Alegre
3,19,2,21,Neutral
3,19,2,22,Alegre
3,19,3,2,Neutral
3,19,3,3,Neutral
3,19,3,4,Neutral
3,19,3,5,Asustado
3,19,3,6,Tranquilo
3,19,3,7,Neutral
3,19,3,8,Neutral
3,19,3,10,Asustado
3,19,3,11,Neutral
3,19,3,12,Alegre
3,19,3,13,Neutral
3,19,3,14,Neutral
3,19,3,15,Neutral
3,19,3,16,Enojado
3,19,3,17,Alegre
3,19,3,18,Neutral
3,19,3,19,Alegre
3,19,3,20,Tranquilo
3,19,4,2,Alegre
3,19,4,3,Alegre
3,19,4,4,Neutral
3,19,4,5,Asustado
3,19,4,6,Neutral
3,19,4,8,Asustado
3,19,4,9,Poderoso
3,19,4,10,Enojado
3,19,4,11,Tranquilo
3,19,5,2,Enojado
3,19,5,3,Alegre
3,19,5,4,Alegre
3,19,5,5,Neutral
3,19,5,6,Neutral
3,19,5,7,Poderoso
3,19,5,8,Tranquilo
3,19,5,9,Neutral
3,19,5,10,Alegre
3,19,7,2,Alegre
3,19,7,3,Triste
3,19,7,4,Alegre
3,19,7,5,Alegre
3,19,7,6,Alegre
3,19,7,7,Alegre
3,19,7,8,Enojado
3,19,7,9,Enojado
3,19,7,10,Neutral
3,19,7,11,Neutral
3,19,7,12,Enojado
3,19,7,13,Alegre
3,19,7,14,Asustado
3,19,7,15,Neutral
3,19,8,2,Alegre
3,19,8,3,Neutral
3,19,8,4,Poderoso
3,19,8,5,Neutral
3,19,8,6,Neutral
3,19,8,7,Asustado
3,19,8,8,Poderoso
3,19,8,9,Neutral
3,19,8,10,Neutral
3,19,8,11,Enojado
3,19,8,12,Triste
3,19,8,13,Neutral
3,19,10,2,Enojado
3,19,10,3,Enojado
3,19,10,4,Poderoso
3,19,10,5,Enojado
3,19,10,6,Enojado
3,19,10,7,Asustado
3,19,10,8,Neutral
3,19,10,9,Asustado
3,19,10,10,Tranquilo
3,19,10,11,Asustado
3,19,10,12,Enojado
3,19,10,13,Asustado
3,19,10,15,Enojado
3,19,10,16,Enojado
3,19,10,17,Enojado
3,19,10,18,Asustado
3,19,10,19,Enojado
3,19,10,20,Enojado
3,19,10,21,Enojado
3,19,10,22,Tranquilo
3,19,10,23,Enojado
3,19,10,24,Triste
3,19,10,25,Poderoso
3,19,10,26,Triste
3,19,10,27,Tranquilo
3,19,11,2,Asustado
3,19,11,3,Neutral
3,19,11,5,Neutral
3,19,11,6,Asustado
3,19,11,7,Tranquilo
3,19,11,8,Neutral
3,19,11,9,Triste
3,19,11,10,Alegre
3,19,11,11,Triste
3,19,11,12,Tranquilo
3,19,11,13,Neutral
3,19,11,14,Neutral
3,19,12,2,Neutral
3,19,12,3,Neutral
3,19,12,4,Neutral
3,19,12,5,Asustado
3,19,12,6,Tranquilo
3,19,12,7,Neutral
3,19,12,8,Asustado
3,19,12,9,Tranquilo
3,19,12,10,Asustado
3,19,12,11,Neutral
3,19,12,12,Asustado
3,19,12,13,Triste
3,19,12,14,Neutral
3,19,12,15,Triste
3,19,12,16,Asustado
3,19,12,17,Tranquilo
3,19,12,18,Tranquilo
3,19,12,19,Neutral
3,19,12,20,Neutral
3,19,12,21,Neutral
3,19,13,2,Alegre
3,19,13,4,Poderoso
3,19,13,5,Enojado
3,19,13,6,Tranquilo
3,19,13,7,Triste
3,19,13,8,Alegre
3,19,13,9,Enojado
3,19,13,10,Tranquilo
3,19,13,11,Asustado
3,19,13,12,Neutral
3,19,13,13,Enojado
3,19,14,2,Enojado
3,19,14,3,Enojado
3,19,14,4,Poderoso
3,19,14,5,Alegre
3,19,14,6,Alegre
3,19,14,7,Alegre
3,19,14,8,Neutral
3,19,14,9,Neutral
3,19,14,10,Neutral
3,19,14,11,Alegre
3,19,14,12,Neutral
3,19,14,13,Neutral
3,19,14,14,Alegre
3,19,14,15,Neutral
3,19,14,16,Neutral
3,19,14,17,Neutral
3,19,14,18,Neutral
3,19,14,19,Neutral
3,19,14,20,Alegre
3,19,14,21,Tranquilo
3,19,14,22,Triste
3,19,15,2,Alegre
3,19,15,3,Neutral
3,19,15,4,Triste
3,19,15,5,Alegre
3,19,15,6,Alegre
3,19,15,7,Alegre
3,19,15,8,Alegre
3,19,15,9,Tranquilo
3,19,15,10,Neutral
3,19,15,11,Triste
3,19,15,12,Asustado
3,19,15,13,Triste
3,19,16,2,Alegre
3,19,16,3,Neutral
3,19,16,4,Neutral
3,19,16,5,Tranquilo
3,19,16,6,Alegre
3,19,16,7,Alegre
3,20,1,2,Alegre
3,20,1,3,Alegre
3,20,1,4,Alegre
3,20,1,5,Alegre
3,20,1,6,Alegre
3,20,1,7,Alegre
3,20,1,8,Alegre
3,20,1,9,Triste
3,20,1,10,Alegre
3,20,1,11,Triste
3,20,1,12,Neutral
3,20,1,13,Neutral
3,20,1,14,Alegre
3,20,1,15,Neutral
3,20,1,16,Alegre
3,20,1,17,Neutral
3,20,1,18,Neutral
3,20,1,19,Neutral
3,20,1,20,Alegre
3,20,1,21,Alegre
3,20,1,22,Alegre
3,20,1,23,Alegre
3,20,2,2,Alegre
3,20,2,3,Alegre
3,20,2,4,Neutral
3,20,2,5,Neutral
3,20,2,6,Alegre
3,20,2,7,Neutral
3,20,2,8,Alegre
3,20,2,9,Neutral
3,20,2,10,Alegre
3,20,2,11,Alegre
3,20,2,13,Poderoso
3,20,2,14,Neutral
3,20,2,15,Alegre
3,20,2,16,Alegre
3,20,2,17,Alegre
3,20,2,18,Alegre
3,20,2,19,Neutral
3,20,2,20,Neutral
3,20,2,21,Asustado
3,20,2,22,Neutral
3,20,2,23,Neutral
3,20,2,24,Neutral
3,20,2,25,Triste
3,20,2,26,Enojado
3,20,2,27,Poderoso
3,20,4,2,Alegre
3,20,4,3,Triste
3,20,4,4,Neutral
3,20,4,5,Alegre
3,20,4,6,Triste
3,20,4,7,Neutral
3,20,4,8,Tranquilo
3,20,4,9,Alegre
3,20,4,10,Alegre
3,20,4,11,Alegre
3,20,4,12,Alegre
3,20,4,13,Alegre
3,20,4,14,Neutral
3,20,4,15,Triste
3,20,4,16,Triste
3,20,4,17,Asustado
3,20,4,18,Neutral
3,20,4,19,Alegre
3,20,4,20,Tranquilo
3,20,4,21,Neutral
3,20,5,2,Alegre
3,20,5,3,Alegre
3,20,5,4,Alegre
3,20,5,5,Alegre
3,20,5,6,Alegre
3,20,5,7,Neutral
3,20,5,8,Alegre
3,20,5,9,Tranquilo
3,20,5,10,Neutral
3,20,5,11,Alegre
3,20,5,12,Alegre
3,20,5,14,Alegre
3,20,5,15,Alegre
3,20,5,16,Alegre
3,20,5,17,Poderoso
3,20,5,18,Neutral
3,20,5,19,Alegre
3,20,5,20,Alegre
3,20,5,21,Alegre
3,20,5,22,Alegre
3,20,5,23,Tranquilo
3,20,5,24,Tranquilo
3,20,5,25,Alegre
3,20,5,26,Asustado
3,20,5,27,Enojado
3,20,6,2,Alegre
3,20,6,3,Asustado
3,20,6,4,Alegre
3,20,6,5,Neutral
3,20,6,6,Alegre
3,20,6,7,Neutral
3,20,6,8,Alegre
3,20,6,9,Alegre
3,20,6,10,Tranquilo
3,20,8,2,Neutral
3,20,8,3,Neutral
3,20,8,4,Alegre
3,20,8,6,Neutral
3,20,8,7,Alegre
3,20,8,9,Alegre
3,20,8,10,Triste
3,20,8,11,Alegre
3,20,8,12,Alegre
3,20,8,13,Alegre
3,20,8,14,Asustado
3,20,8,15,Neutral
3,20,8,16,Neutral
3,20,8,17,Tranquilo
3,20,8,18,Tranquilo
3,20,8,19,Enojado
3,20,8,20,Tranquilo
3,20,8,21,Tranquilo
3,20,8,22,Neutral
3,20,8,23,Enojado
3,20,9,2,Asustado
3,20,9,3,Triste
3,20,9,4,Enojado
3,20,9,5,Tranquilo
3,20,9,6,Enojado
3,20,9,7,Tranquilo
3,20,9,8,Asustado
3,20,9,9,Neutral
3,20,9,10,Asustado
3,20,9,11,Neutral
3,20,9,12,Poderoso
3,20,10,2,Alegre
3,20,10,3,Asustado
3,20,10,4,Asustado
3,20,10,5,Enojado
3,20,10,6,Asustado
3,20,10,7,Enojado
3,20,10,8,Poderoso
3,20,10,9,Enojado
3,20,10,10,Enojado
3,20,10,11,Enojado
3,20,10,12,Enojado
3,20,10,13,Asustado
3,20,10,14,Enojado
3,20,12,2,Neutral
3,20,12,3,Neutral
3,20,12,4,Asustado
3,20,12,5,Neutral
3,20,12,6,Poderoso
3,20,12,7,Enojado
3,20,12,8,Enojado
3,20,12,9,Asustado
3,20,12,10,Tranquilo
3,20,12,11,Alegre
3,20,12,12,Tranquilo
3,20,12,13,Neutral
3,20,12,14,Enojado
3,20,13,2,Tranquilo
3,20,13,3,Tranquilo
3,20,13,4,Neutral
3,20,13,5,Alegre
3,20,13,6,Triste
3,20,13,7,Asustado
3,20,13,8,Neutral
3,20,13,9,Asustado
3,20,13,10,Tranquilo
3,20,13,11,Asustado
3,20,13,12,Asustado
3,20,13,13,Triste
3,20,14,2,Neutral
3,20,14,3,Alegre
3,20,14,4,Neutral
3,20,14,6,Alegre
3,20,14,7,Alegre
3,20,14,8,Alegre
3,20,14,9,Neutral
3,20,14,10,Alegre
3,20,14,11,Alegre
3,20,14,12,Alegre
3,20,14,13,Neutral
3,20,14,15,Enojado
3,20,14,16,Asustado
3,20,14,17,Enojado
3,20,14,18,Triste
3,20,14,19,Enojado
3,20,14,20,Asustado
3,20,14,21,Triste
3,20,14,22,Asustado
3,20,14,23,Triste
3,20,14,24,Neutral
3,20,14,25,Neutral
3,20,14,26,Alegre
3,21,1,2,Neutral
3,21,1,3,Enojado
3,21,1,4,Alegre
3,21,1,5,Neutral
3,21,1,6,Neutral
3,21,1,7,Neutral
3,21,1,9,Asustado
3,21,1,10,Neutral
3,21,1,11,Triste
3,21,2,2,Alegre
3,21,2,3,Neutral
3,21,2,4,Tranquilo
3,21,2,5,Triste
3,21,2,6,Alegre
3,21,2,7,Alegre
3,21,2,8,Alegre
3,21,2,9,Alegre
3,21,2,10,Poderoso
3,21,2,11,Poderoso
3,21,2,12,Alegre
3,21,2,13,Alegre
3,21,2,14,Tranquilo
3,21,2,15,Poderoso
3,21,2,16,Poderoso
3,21,2,17,Alegre
3,21,3,2,Alegre
3,21,3,3,Alegre
3,21,3,4,Alegre
3,21,3,6,Neutral
3,21,3,7,Neutral
3,21,3,8,Neutral
3,21,3,9,Alegre
3,21,3,11,Neutral
3,21,3,12,Tranquilo
3,21,3,13,Tranquilo
3,21,3,14,Neutral
3,21,3,15,Neutral
3,21,3,16,Tranquilo
3,21,3,17,Alegre
3,21,4,2,Alegre
3,21,4,3,Enojado
3,21,4,4,Enojado
3,21,4,5,Neutral
3,21,4,6,Asustado
3,21,4,7,Tranquilo
3,21,4,8,Triste
3,21,4,10,Asustado
3,21,4,11,Neutral
3,21,4,12,Triste
3,21,4,13,Neutral
3,21,4,15,Enojado
3,21,4,16,Triste
3,21,4,17,Alegre
3,21,4,18,Alegre
3,21,4,19,Poderoso
3,21,4,20,Poderoso
3,21,4,21,Poderoso
3,21,4,22,Enojado
3,21,4,23,Poderoso
3,21,4,24,Alegre
3,21,4,25,Alegre
3,21,4,26,Alegre
3,21,4,27,Alegre
3,21,4,28,Enojado
3,21,5,2,Neutral
3,21,5,3,Neutral
3,21,5,4,Neutral
3,21,5,5,Alegre
3,21,5,6,Alegre
3,21,5,7,Alegre
3,21,5,8,Enojado
3,21,5,9,Alegre
3,21,5,10,Alegre
3,21,5,11,Triste
3,21,5,12,Neutral
3,21,5,13,Alegre
3,21,5,14,Poderoso
3,21,8,2,Asustado
3,21,8,3,Alegre
3,21,8,4,Triste
3,21,8,5,Neutral
3,21,8,6,Asustado
3,21,8,7,Enojado
3,21,8,8,Neutral
3,21,8,9,Neutral
3,21,8,10,Asustado
3,21,8,11,Asustado
3,21,8,12,Neutral
3,21,8,13,Enojado
3,21,8,14,Neutral
3,21,8,15,Neutral
3,21,8,16,Neutral
3,21,8,17,Neutral
3,21,8,18,Enojado
3,21,8,19,Asustado
3,21,8,20,Neutral
3,21,8,21,Neutral
3,21,8,22,Alegre
3,21,9,2,Neutral
3,21,9,3,Neutral
3,21,9,4,Neutral
3,21,9,5,Neutral
3,21,9,6,Neutral
3,21,9,7,Neutral
3,21,9,8,Neutral
3,21,9,9,Neutral
3,21,9,10,Neutral
3,21,9,11,Tranquilo
3,21,9,12,Enojado
3,21,9,13,Triste
3,21,9,14,Poderoso
3,21,9,15,Neutral
3,21,9,16,Neutral
3,21,9,17,Neutral
3,21,9,18,Poderoso
3,21,9,19,Asustado
3,21,9,20,Enojado
3,21,9,22,Neutral
3,21,9,23,Enojado
3,21,9,24,Neutral
3,21,9,25,Enojado
3,21,9,26,Alegre
3,21,9,27,Enojado
3,21,10,2,Alegre
3,21,10,3,Alegre
3,21,10,4,Alegre
3,21,10,5,Triste
3,21,10,6,Alegre
3,21,10,7,Alegre
3,21,10,8,Neutral
3,21,10,9,Neutral
3,21,10,10,Neutral
3,21,10,11,Poderoso
3,21,10,12,Tranquilo
3,21,10,13,Tranquilo
3,21,10,14,Asustado
3,21,10,15,Neutral
3,21,10,16,Asustado
3,21,10,17,Neutral
3,21,10,18,Asustado
3,21,10,19,Poderoso
3,21,12,2,Neutral
3,21,12,3,Neutral
3,21,12,4,Neutral
3,21,12,5,Neutral
3,21,12,6,Neutral
3,21,12,7,Neutral
3,21,12,8,Asustado
3,21,12,9,Tranquilo
3,21,12,10,Asustado
3,21,12,11,Alegre
3,21,12,12,Neutral
3,21,12,13,Neutral
3,21,12,14,Neutral
3,21,12,15,Neutral
3,21,12,16,Neutral
3,21,12,17,Neutral
3,21,12,18,Neutral
3,21,12,19,Neutral
3,21,13,2,Alegre
3,21,13,3,Alegre
3,21,13,4,Alegre
3,21,13,5,Asustado
3,21,13,6,Neutral
3,21,13,8,Asustado
3,21,13,9,Alegre
3,21,13,10,Poderoso
3,21,13,11,Poderoso
3,21,13,12,Alegre
3,21,13,14,Alegre
3,21,14,2,Alegre
3,21,14,3,Alegre
3,21,14,4,Alegre
3,21,14,5,Alegre
3,21,14,6,Asustado
3,21,14,7,Asustado
3,21,14,8,Asustado
3,21,14,9,Asustado
3,21,14,10,Asustado
3,21,14,11,Alegre
3,21,14,12,Poderoso
3,21,14,13,Alegre
3,21,14,14,Alegre
3,21,14,15,Tranquilo
3,21,14,16,Alegre
3,21,14,17,Neutral
3,21,14,18,Triste
3,21,14,19,Triste
3,21,14,20,Neutral
3,21,14,22,Triste
3,21,14,23,Tranquilo
3,21,16,2,Alegre
3,21,16,3,Tranquilo
3,21,16,4,Neutral
3,21,16,5,Tranquilo
3,21,16,6,Asustado
3,21,16,7,Alegre
3,21,16,8,Alegre
3,21,16,10,Neutral
3,21,16,11,Tranquilo
3,21,16,12,Asustado
3,22,2,2,Neutral
3,22,2,3,Alegre
3,22,2,4,Neutral
3,22,2,5,Asustado
3,22,2,6,Neutral
3,22,2,7,Asustado
3,22,2,8,Tranquilo
3,22,2,9,Neutral
3,22,2,10,Tranquilo
3,22,2,11,Neutral
3,22,2,12,Neutral
3,22,2,14,Neutral
3,22,2,15,Alegre
3,22,2,16,Alegre
3,22,2,17,Enojado
3,22,2,18,Neutral
3,22,2,19,Tranquilo
3,22,5,2,Alegre
3,22,5,3,Alegre
3,22,5,4,Asustado
3,22,5,5,Enojado
3,22,5,6,Neutral
3,22,5,7,Neutral
3,22,5,8,Neutral
3,22,5,10,Neutral
3,22,6,2,Tranquilo
3,22,6,3,Asustado
3,22,6,4,Tranquilo
3,22,6,5,Neutral
3,22,6,6,Triste
3,22,6,7,Triste
3,22,6,8,Poderoso
3,22,6,9,Poderoso
3,22,6,10,Alegre
3,22,6,11,Asustado
3,22,6,12,Poderoso
3,22,6,13,Triste
3,22,6,14,Triste
3,22,6,15,Asustado
3,22,6,16,Poderoso
3,22,7,2,Asustado
3,22,7,3,Alegre
3,22,7,4,Alegre
3,22,7,5,Triste
3,22,7,7,Alegre
3,22,7,8,Neutral
3,22,7,9,Poderoso
3,22,7,10,Neutral
3,22,7,11,Alegre
3,22,7,12,Alegre
3,22,7,13,Alegre
3,22,7,14,Tranquilo
3,22,7,15,Alegre
3,22,7,16,Alegre
3,22,7,17,Alegre
3,22,8,2,Neutral
3,22,8,3,Tranquilo
3,22,8,4,Tranquilo
3,22,8,5,Alegre
3,22,8,6,Tranquilo
3,22,8,7,Tranquilo
3,22,8,8,Tranquilo
3,22,8,9,Tranquilo
3,22,8,10,Alegre
3,22,8,11,Poderoso
3,22,8,12,Neutral
3,22,8,13,Poderoso
3,22,8,14,Alegre
3,22,8,15,Tranquilo
3,22,8,16,Triste
3,22,8,17,Poderoso
3,22,8,18,Triste
3,22,8,19,Tranquilo
3,22,10,2,Asustado
3,22,10,3,Poderoso
3,22,10,5,Alegre
3,22,10,6,Alegre
3,22,10,7,Alegre
3,22,10,8,Neutral
3,22,10,9,Enojado
3,22,10,10,Poderoso
3,22,10,11,Neutral
3,22,10,12,Tranquilo
3,22,10,13,Asustado
3,22,10,14,Poderoso
3,22,11,2,Neutral
3,22,11,3,Asustado
3,22,11,4,Neutral
3,22,11,5,Tranquilo
3,22,11,6,Alegre
3,22,11,7,Asustado
3,22,11,9,Enojado
3,22,11,10,Enojado
3,22,11,11,Poderoso
3,22,11,12,Neutral
3,22,11,13,Alegre
3,22,11,15,Enojado
3,22,11,17,Enojado
3,22,11,18,Enojado
3,22,12,2,Alegre
3,22,12,3,Alegre
3,22,12,4,Alegre
3,22,12,5,Poderoso
3,22,12,6,Neutral
3,22,12,7,Poderoso
3,22,12,8,Tranquilo
3,22,12,9,Alegre
3,22,12,10,Triste
3,22,12,11,Poderoso
3,22,12,12,Triste
3,22,12,13,Poderoso
3,22,12,14,Triste
3,22,12,15,Neutral
3,22,12,16,Neutral
3,22,12,18,Poderoso
3,22,12,19,Triste
3,22,12,21,Triste
3,22,13,2,Asustado
3,22,13,3,Alegre
3,22,13,4,Neutral
3,22,13,5,Poderoso
3,22,13,6,Neutral
3,22,13,7,Triste
3,22,13,8,Asustado
3,22,13,9,Poderoso
3,22,13,10,Enojado
3,22,13,11,Enojado
3,22,13,12,Tranquilo
3,22,13,13,Enojado
3,23,1,2,Alegre
3,23,1,3,Neutral
3,23,1,4,Neutral
3,23,1,5,Neutral
3,23,1,6,Asustado
3,23,1,7,Alegre
3,23,1,8,Asustado
3,23,1,9,Asustado
3,23,1,10,Asustado
3,23,1,11,Asustado
3,23,1,12,Asustado
3,23,1,13,Asustado
3,23,1,14,Asustado
3,23,1,15,Asustado
3,23,1,16,Neutral
3,23,1,17,Asustado
3,23,1,18,Neutral
3,23,1,19,Asustado
3,23,1,20,Alegre
3,23,1,21,Neutral
3,23,1,22,Neutral
3,23,3,2,Alegre
3,23,3,3,Poderoso
3,23,3,4,Alegre
3,23,3,5,Poderoso
3,23,3,6,Asustado
3,23,3,7,Asustado
3,23,3,8,Asustado
3,23,3,9,Asustado
3,23,3,10,Asustado
3,23,3,11,Asustado
3,23,4,2,Asustado
3,23,4,3,Asustado
3,23,4,4,Asustado
3,23,4,5,Neutral
3,23,4,6,Neutral
3,23,4,7,Poderoso
3,23,4,8,Asustado
3,23,4,9,Neutral
3,23,4,10,Neutral
3,23,4,11,Neutral
3,23,5,2,Enojado
3,23,5,3,Poderoso
3,23,5,4,Alegre
3,23,5,5,Asustado
3,23,5,6,Tranquilo
3,23,5,7,Enojado
3,23,5,8,Asustado
3,23,5,9,Triste
3,23,5,10,Neutral
3,23,5,11,Tranquilo
3,23,5,12,Alegre
3,23,5,13,Alegre
3,23,5,14,Alegre
3,23,5,15,Alegre
3,23,5,16,Neutral
3,23,5,17,Enojado
3,23,5,18,Enojado
3,23,5,19,Asustado
3,23,8,2,Alegre
3,23,8,3,Enojado
3,23,8,4,Neutral
3,23,8,5,Asustado
3,23,8,6,Asustado
3,23,8,7,Enojado
3,23,8,9,Triste
3,23,8,10,Asustado
3,23,8,11,Tranquilo
3,23,8,12,Tranquilo
3,23,8,14,Alegre
3,23,9,2,Neutral
3,23,9,3,Neutral
3,23,9,4,Alegre
3,23,9,5,Alegre
3,23,9,6,Neutral
3,23,9,7,Asustado
3,23,9,8,Triste
3,23,9,9,Triste
3,23,9,10,Triste
3,23,9,11,Triste
3,23,9,12,Triste
3,23,9,13,Triste
3,23,10,2,Poderoso
3,23,10,3,Alegre
3,23,10,4,Alegre
3,23,10,5,Asustado
3,23,10,6,Asustado
3,23,10,7,Tranquilo
3,23,10,8,Tranquilo
3,23,10,9,Alegre
3,23,10,10,Alegre
3,23,10,11,Alegre
3,23,10,12,Triste
3,23,10,13,Alegre
3,23,10,14,Neutral
3,23,10,15,Tranquilo
3,23,10,16,Alegre
3,23,10,17,Tranquilo
3,23,10,18,Tranquilo
3,23,10,19,Alegre
3,23,12,2,Tranquilo
3,23,12,3,Neutral
3,23,12,4,Tranquilo
3,23,12,5,Asustado
3,23,12,6,Alegre
3,23,12,7,Asustado
3,23,12,8,Alegre
3,23,12,9,Asustado
3,23,12,10,Asustado
3,23,12,11,Asustado
3,23,12,12,Tranquilo
3,23,12,13,Enojado
3,23,12,14,Tranquilo
3,23,12,15,Asustado
3,23,12,16,Poderoso
3,23,12,17,Enojado
3,23,12,18,Triste
3,23,12,19,Asustado
3,23,12,20,Neutral
3,23,12,21,Enojado
3,23,12,22,Neutral
3,23,12,23,Alegre
3,23,13,2,Alegre
3,23,13,3,Alegre
3,23,13,4,Tranquilo
3,23,13,5,Tranquilo
3,23,13,6,Tranquilo
3,23,13,7,Neutral
3,23,13,8,Alegre
3,23,13,9,Alegre
3,23,13,10,Poderoso
3,23,13,11,Tranquilo
3,23,13,12,Poderoso
3,23,13,13,Asustado
3,23,13,14,Poderoso
3,23,13,15,Asustado
3,23,13,16,Poderoso
3,23,13,17,Asustado
3,23,13,18,Poderoso
3,23,13,19,Tranquilo
3,23,13,20,Poderoso
3,23,13,21,Alegre
3,23,14,2,Asustado
3,23,14,4,Asustado
3,23,14,5,Alegre
3,23,14,6,Alegre
3,23,14,7,Enojado
3,23,14,8,Enojado
3,23,14,9,Enojado
3,23,14,10,Asustado
3,23,14,11,Asustado
3,23,14,12,Tranquilo
3,23,14,13,Tranquilo
3,23,14,14,Alegre
3,23,14,15,Tranquilo
3,23,14,16,Tranquilo
3,23,14,17,Tranquilo
3,23,14,18,Tranquilo
3,23,14,19,Enojado
3,23,14,20,Tranquilo
3,23,14,21,Enojado
3,23,14,22,Tranquilo
3,23,14,23,Enojado
3,23,14,24,Asustado
3,23,14,25,Enojado
3,24,2,2,Alegre
3,24,2,3,Asustado
3,24,2,4,Triste
3,24,2,5,Triste
3,24,2,6,Enojado
3,24,2,7,Triste
3,24,2,8,Enojado
3,24,2,9,Enojado
3,24,2,10,Asustado
3,24,2,11,Triste
3,24,2,12,Neutral
3,24,2,13,Triste
3,24,2,14,Asustado
3,24,2,15,Asustado
3,24,2,16,Alegre
3,24,2,17,Poderoso
3,24,2,18,Tranquilo
3,24,2,19,Alegre
3,24,2,20,Alegre
3,24,3,2,Alegre
3,24,3,3,Neutral
3,24,3,4,Alegre
3,24,3,5,Neutral
3,24,3,6,Alegre
3,24,5,2,Poderoso
3,24,5,3,Alegre
3,24,5,4,Enojado
3,24,5,5,Alegre
3,24,5,6,Alegre
3,24,5,7,Neutral
3,24,5,8,Enojado
3,24,5,9,Asustado
3,24,5,10,Asustado
3,24,5,11,Tranquilo
3,24,5,12,Neutral
3,24,5,13,Neutral
3,24,5,14,Alegre
3,24,5,15,Enojado
3,24,5,16,Alegre
3,24,6,2,Triste
3,24,6,3,Alegre
3,24,6,4,Neutral
3,24,6,5,Alegre
3,24,6,6,Alegre
3,24,6,7,Alegre
3,24,6,8,Poderoso
3,24,6,9,Neutral
3,24,6,10,Alegre
3,24,6,11,Alegre
3,24,6,14,Enojado
3,24,6,15,Enojado
3,24,6,16,Neutral
3,24,6,17,Neutral
3,24,6,18,Alegre
3,24,6,19,Triste
3,24,6,20,Enojado
3,24,6,21,Triste
3,24,6,22,Neutral
3,24,6,23,Alegre
3,24,7,2,Alegre
3,24,7,3,Tranquilo
3,24,7,4,Tranquilo
3,24,7,5,Enojado
3,24,7,6,Tranquilo
3,24,7,7,Tranquilo
3,24,7,8,Asustado
3,24,7,9,Poderoso
3,24,7,10,Neutral
3,24,7,11,Poderoso
3,24,8,2,Alegre
3,24,8,3,Asustado
3,24,8,4,Alegre
3,24,8,5,Alegre
3,24,8,7,Alegre
3,24,8,8,Alegre
3,24,8,10,Asustado
3,24,8,11,Poderoso
3,24,8,12,Alegre
3,24,8,14,Alegre
3,24,8,15,Alegre
3,24,8,17,Asustado
3,24,9,2,Alegre
3,24,9,3,Tranquilo
3,24,9,4,Enojado
3,24,9,5,Tranquilo
3,24,9,6,Poderoso
3,24,9,7,Tranquilo
3,24,9,8,Neutral
3,24,9,9,Poderoso
3,24,9,10,Asustado
3,24,9,11,Poderoso
3,24,9,12,Neutral
3,24,9,13,Poderoso
3,24,9,14,Poderoso
3,24,9,15,Triste
3,24,9,16,Enojado
3,24,10,2,Alegre
3,24,10,3,Tranquilo
3,24,10,4,Neutral
3,24,10,5,Neutral
3,24,10,6,Neutral
3,24,10,7,Neutral
3,24,10,8,Alegre
3,24,10,9,Triste
3,24,10,10,Asustado
3,24,10,11,Alegre
3,24,10,12,Alegre
3,24,10,13,Tranquilo
3,24,10,14,Poderoso
3,24,10,15,Tranquilo
3,24,10,16,Alegre
3,24,10,17,Neutral
3,24,10,18,Alegre
3,24,10,19,Enojado
3,24,11,2,Alegre
3,24,11,3,Alegre
3,24,11,4,Neutral
3,24,11,5,Triste
3,24,11,6,Alegre
3,24,11,7,Alegre
3,24,11,8,Enojado
3,24,11,9,Neutral
3,24,11,10,Enojado
3,24,11,11,Enojado
3,24,11,12,Asustado
3,24,11,13,Neutral
3,24,11,14,Neutral
3,24,11,15,Alegre
3,24,11,16,Neutral
3,24,11,17,Alegre
3,24,11,18,Enojado
3,24,12,2,Enojado
3,24,12,3,Enojado
3,24,12,5,Poderoso
3,24,12,6,Neutral
3,24,12,7,Neutral
3,24,12,8,Neutral
3,24,12,9,Neutral
3,24,12,10,Enojado
3,24,12,11,Enojado
3,24,12,12,Enojado
3,24,12,13,Enojado
3,24,12,14,Enojado
3,24,12,15,Tranquilo
3,24,12,16,Neutral
3,24,12,17,Tranquilo
3,24,12,18,Triste
3,24,12,19,Neutral
3,24,12,20,Triste
3,24,12,21,Tranquilo
3,24,12,22,Neutral
3,24,12,23,Enojado
3,24,12,24,Asustado
3,24,13,2,Alegre
3,24,13,3,Asustado
3,24,13,4,Tranquilo
3,24,13,5,Asustado
3,24,13,6,Alegre
3,24,13,7,Enojado
3,24,13,8,Asustado
3,24,13,9,Enojado
3,24,13,10,Neutral
3,24,13,11,Triste
3,24,13,12,Asustado
3,24,13,13,Tranquilo
3,24,13,14,Tranquilo
3,24,14,2,Alegre
3,24,14,3,Neutral
3,24,14,4,Neutral
3,24,14,5,Neutral
3,24,14,6,Enojado
3,24,14,7,Neutral
3,24,14,8,Neutral
3,24,14,9,Alegre
3,24,15,2,Neutral
3,24,15,3,Poderoso
3,24,15,4,Asustado
3,24,15,5,Alegre
3,24,15,6,Alegre
3,24,15,7,Asustado
3,24,15,8,Triste
3,24,15,9,Asustado
3,24,15,10,Neutral
3,24,15,11,Neutral
3,24,15,12,Alegre
3,25,1,2,Alegre
3,25,1,3,Poderoso
3,25,1,4,Alegre
3,25,1,6,Enojado
3,25,1,7,Neutral
3,25,1,8,Enojado
3,25,1,9,Tranquilo
3,25,1,10,Alegre
3,25,1,11,Neutral
3,25,1,12,Alegre
3,25,1,13,Alegre
3,25,1,14,Alegre
3,25,1,15,Alegre
3,25,1,16,Alegre
3,25,1,17,Alegre
3,25,1,18,Alegre
3,25,1,19,Triste
3,25,1,20,Triste
3,25,1,21,Triste
3,25,1,22,Alegre
3,25,1,23,Alegre
3,25,3,2,Alegre
3,25,3,3,Poderoso
3,25,3,5,Enojado
3,25,3,6,Tranquilo
3,25,3,7,Neutral
3,25,3,8,Neutral
3,25,4,2,Alegre
3,25,4,3,Alegre
3,25,4,4,Neutral
3,25,4,5,Asustado
3,25,4,6,Asustado
3,25,4,7,Alegre
3,25,4,8,Alegre
3,25,4,9,Alegre
3,25,4,10,Alegre
3,25,4,11,Alegre
3,25,4,12,Alegre
3,25,4,13,Alegre
3,25,4,14,Alegre
3,25,4,15,Neutral
3,25,4,16,Neutral
3,25,4,17,Neutral
3,25,4,18,Neutral
3,25,4,19,Triste
3,25,4,20,Neutral
3,25,4,21,Neutral
3,25,4,22,Triste
3,25,4,23,Alegre
3,25,6,2,Neutral
3,25,6,3,Neutral
3,25,6,4,Neutral
3,25,6,5,Neutral
3,25,6,6,Enojado
3,25,6,7,Neutral
3,25,6,8,Neutral
3,25,6,9,Alegre
3,25,6,10,Asustado
3,25,6,12,Neutral
3,25,6,13,Neutral
3,25,6,14,Neutral
3,25,6,16,Alegre
3,25,6,17,Neutral
3,25,6,18,Alegre
3,25,6,19,Alegre
3,25,6,20,Alegre
3,25,6,21,Alegre
3,25,6,22,Neutral
3,25,6,24,Alegre
3,25,7,2,Neutral
3,25,7,3,Tranquilo
3,25,7,4,Alegre
3,25,7,5,Triste
3,25,7,6,Alegre
3,25,7,7,Alegre
3,25,7,8,Alegre
3,25,7,9,Poderoso
3,25,7,10,Alegre
3,25,7,11,Alegre
3,25,7,12,Alegre
3,25,7,13,Alegre
3,25,7,14,Alegre
3,25,7,15,Poderoso
3,25,7,16,Alegre
3,25,7,17,Alegre
3,25,7,18,Alegre
3,25,7,19,Neutral
3,25,7,20,Alegre
3,25,8,2,Neutral
3,25,8,3,Enojado
3,25,8,4,Asustado
3,25,8,5,Asustado
3,25,8,6,Triste
3,25,8,7,Triste
3,25,8,8,Asustado
3,25,8,9,Asustado
3,25,8,10,Asustado
3,25,8,11,Asustado
3,25,8,12,Asustado
3,25,8,13,Tranquilo
3,25,8,15,Tranquilo
3,25,8,16,Asustado
3,25,8,17,Alegre
3,25,8,18,Tranquilo
3,25,8,19,Tranquilo
3,25,8,20,Tranquilo
3,25,8,21,Tranquilo
3,25,10,3,Enojado
3,25,10,5,Poderoso
3,25,10,6,Enojado
3,25,10,7,Triste
3,25,10,8,Poderoso
3,25,10,9,Tranquilo
3,25,10,10,Poderoso
3,25,10,11,Enojado
3,25,10,12,Neutral
3,25,10,13,Tranquilo
3,25,10,14,Tranquilo
3,25,10,15,Triste
3,25,10,16,Tranquilo
3,25,10,17,Asustado
3,25,10,18,Neutral
3,25,11,2,Alegre
3,25,11,3,Enojado
3,25,11,4,Poderoso
3,25,11,5,Alegre
3,25,11,6,Alegre
3,25,11,7,Neutral
3,25,11,8,Alegre
3,25,11,9,Tranquilo
3,25,11,10,Alegre
3,25,11,11,Neutral
3,25,11,12,Alegre
3,25,11,13,Alegre
3,25,11,14,Triste
3,25,11,15,Asustado
3,25,11,16,Asustado
3,25,11,17,Alegre
3,25,11,18,Neutral
4,1,1,2,Alegre
4,1,1,3,Alegre
4,1,1,4,Neutral
4,1,1,5,Tranquilo
4,1,1,6,Neutral
4,1,1,7,Tranquilo
4,1,1,8,Neutral
4,1,1,9,Tranquilo
4,1,1,10,Asustado
4,1,1,11,Neutral
4,1,1,13,Asustado
4,1,1,14,Asustado
4,1,1,15,Poderoso
4,1,1,16,Asustado
4,1,1,17,Asustado
4,1,1,18,Neutral
4,1,1,19,Asustado
4,1,1,20,Asustado
4,1,1,21,Asustado
4,1,1,22,Neutral
4,1,1,24,Neutral
4,1,1,25,Enojado
4,1,1,26,Neutral
4,1,2,2,Poderoso
4,1,2,3,Poderoso
4,1,2,4,Triste
4,1,2,5,Asustado
4,1,2,6,Poderoso
4,1,2,7,Poderoso
4,1,2,8,Alegre
4,1,2,9,Tranquilo
4,1,2,10,Asustado
4,1,2,11,Enojado
4,1,2,12,Triste
4,1,2,13,Poderoso
4,1,2,14,Triste
4,1,2,15,Triste
4,1,2,17,Asustado
4,1,3,2,Enojado
4,1,3,3,Alegre
4,1,3,4,Asustado
4,1,3,5,Asustado
4,1,3,6,Tranquilo
4,1,3,8,Neutral
4,1,3,9,Asustado
4,1,3,10,Tranquilo
4,1,3,11,Tranquilo
4,1,3,12,Poderoso
4,1,3,14,Alegre
4,1,3,15,Neutral
4,1,4,2,Enojado
4,1,4,3,Alegre
4,1,4,4,Triste
4,1,4,6,Neutral
4,1,4,7,Alegre
4,1,4,8,Tranquilo
4,1,4,9,Alegre
4,1,4,10,Neutral
4,1,4,11,Alegre
4,1,5,2,Neutral
4,1,5,3,Poderoso
4,1,5,4,Asustado
4,1,5,5,Enojado
4,1,5,6,Asustado
4,1,5,7,Asustado
4,1,5,8,Asustado
4,1,5,9,Asustado
4,1,5,10,Asustado
4,1,5,11,Enojado
4,1,5,12,Asustado
4,1,5,14,Alegre
4,1,5,15,Asustado
4,1,5,16,Alegre
4,1,6,2,Alegre
4,1,6,3,Neutral
4,1,6,4,Neutral
4,1,6,5,Tranquilo
4,1,6,6,Neutral
4,1,6,8,Poderoso
4,1,6,9,Poderoso
4,1,6,10,Asustado
4,1,6,11,Neutral
4,1,6,12,Poderoso
4,1,6,13,Tranquilo
4,1,6,14,Tranquilo
4,1,6,15,Neutral
4,1,6,16,Tranquilo
4,1,6,17,Poderoso
4,1,6,18,Tranquilo
4,1,6,19,Neutral
4,1,6,20,Neutral
4,1,6,21,Tranquilo
4,1,6,22,Poderoso
4,1,6,23,Neutral
4,1,6,24,Neutral
4,1,7,2,Alegre
4,1,7,4,Tranquilo
4,1,7,5,Tranquilo
4,1,7,6,Triste
4,1,7,7,Neutral
4,1,7,8,Neutral
4,1,7,9,Neutral
4,1,7,10,Neutral
4,1,7,11,Tranquilo
4,1,7,12,Poderoso
4,1,7,13,Asustado
4,1,7,15,Poderoso
4,1,8,2,Enojado
4,1,8,3,Enojado
4,1,8,4,Enojado
4,1,8,5,Neutral
4,1,8,6,Enojado
4,1,8,7,Neutral
4,1,8,8,Enojado
4,1,8,9,Enojado
4,1,8,10,Enojado
4,1,9,2,Neutral
4,1,9,3,Alegre
4,1,9,4,Asustado
4,1,9,5,Poderoso
4,1,9,6,Enojado
4,1,9,7,Poderoso
4,1,9,8,Enojado
4,1,9,9,Enojado
4,1,9,10,Enojado
4,1,9,11,Neutral
4,1,9,12,Enojado
4,1,9,14,Enojado
4,1,9,15,Poderoso
4,1,9,16,Enojado
4,1,9,17,Poderoso
4,1,11,2,Alegre
4,1,11,3,Tranquilo
4,1,11,4,Neutral
4,1,11,5,Triste
4,1,11,6,Neutral
4,1,11,7,Poderoso
4,1,11,8,Neutral
4,1,11,9,Tranquilo
4,1,11,10,Triste
4,1,11,11,Alegre
4,1,11,12,Alegre
4,1,11,13,Poderoso
4,1,11,14,Poderoso
4,1,11,15,Poderoso
4,1,11,16,Asustado
4,1,11,17,Tranquilo
4,1,11,18,Enojado
4,1,11,19,Enojado
4,1,11,20,Asustado
4,1,11,21,Poderoso
4,1,11,22,Neutral
4,1,12,2,Triste
4,1,12,3,Triste
4,1,12,4,Asustado
4,1,12,5,Poderoso
4,1,12,6,Poderoso
4,1,12,7,Enojado
4,1,12,8,Poderoso
4,1,12,10,Poderoso
4,1,12,11,Poderoso
4,1,12,12,Poderoso
4,1,12,14,Poderoso
4,1,12,15,Poderoso
4,1,12,16,Poderoso
4,1,12,17,Asustado
4,1,12,18,Poderoso
4,1,12,19,Poderoso
4,1,12,20,Poderoso
4,1,12,21,Alegre
4,1,12,22,Alegre
4,1,12,23,Poderoso
4,1,12,24,Triste
4,1,12,25,Poderoso
4,1,12,26,Poderoso
4,1,12,27,Tranquilo
4,1,12,28,Tranquilo
4,1,13,2,Neutral
4,1,13,3,Alegre
4,1,13,4,Enojado
4,1,13,5,Poderoso
4,1,13,6,Poderoso
4,1,14,1,Alegre
4,1,14,2,Alegre
4,1,14,3,Asustado
4,1,14,4,Neutral
4,1,14,5,Tranquilo
4,2,1,2,Alegre
4,2,1,3,Enojado
4,2,1,4,Enojado
4,2,1,5,Enojado
4,2,1,6,Neutral
4,2,1,7,Triste
4,2,1,8,Neutral
4,2,2,2,Alegre
4,2,2,3,Alegre
4,2,2,4,Asustado
4,2,2,5,Neutral
4,2,2,6,Neutral
4,2,2,7,Neutral
4,2,2,8,Asustado
4,2,2,9,Alegre
4,2,2,10,Alegre
4,2,2,11,Poderoso
4,2,2,12,Neutral
4,2,2,13,Triste
4,2,2,14,Asustado
4,2,2,15,Alegre
4,2,2,16,Asustado
4,2,2,17,Neutral
4,2,2,18,Tranquilo
4,2,2,19,Asustado
4,2,2,20,Poderoso
4,2,2,21,Tranquilo
4,2,2,22,Poderoso
4,2,4,2,Alegre
4,2,4,3,Enojado
4,2,4,4,Asustado
4,2,4,5,Enojado
4,2,4,6,Asustado
4,2,4,7,Enojado
4,2,4,8,Asustado
4,2,4,9,Enojado
4,2,4,10,Neutral
4,2,4,11,Enojado
4,2,4,12,Triste
4,2,4,13,Triste
4,2,4,14,Triste
4,2,4,15,Asustado
4,2,4,16,Triste
4,2,4,17,Tranquilo
4,2,4,18,Alegre
4,2,4,19,Alegre
4,2,4,20,Tranquilo
4,2,5,2,Neutral
4,2,5,3,Triste
4,2,5,4,Neutral
4,2,5,5,Enojado
4,2,5,6,Alegre
4,2,5,7,Tranquilo
4,2,5,8,Neutral
4,2,5,9,Poderoso
4,2,5,10,Poderoso
4,2,5,11,Alegre
4,2,5,12,Triste
4,2,5,13,Tranquilo
4,2,5,14,Tranquilo
4,2,5,15,Alegre
4,2,5,16,Enojado
4,2,5,17,Enojado
4,2,5,18,Neutral
4,2,5,19,Poderoso
4,2,6,2,Alegre
4,2,6,3,Tranquilo
4,2,6,4,Neutral
4,2,6,5,Neutral
4,2,6,7,Triste
4,2,6,8,Neutral
4,2,6,9,Neutral
4,2,6,10,Triste
4,2,6,11,Alegre
4,2,7,2,Asustado
4,2,7,3,Tranquilo
4,2,7,4,Tranquilo
4,2,7,5,Alegre
4,2,7,6,Asustado
4,2,7,7,Poderoso
4,2,7,8,Triste
4,2,7,9,Asustado
4,2,7,10,Asustado
4,2,7,11,Alegre
4,2,7,12,Triste
4,2,7,13,Asustado
4,2,7,14,Triste
4,2,7,15,Asustado
4,2,7,16,Tranquilo
4,2,8,2,Neutral
4,2,8,3,Neutral
4,2,8,4,Neutral
4,2,8,5,Neutral
4,2,8,6,Neutral
4,2,8,7,Neutral
4,2,8,8,Alegre
4,2,8,9,Poderoso
4,2,8,10,Tranquilo
4,2,8,12,Poderoso
4,2,8,13,Poderoso
4,2,8,14,Tranquilo
4,2,8,15,Tranquilo
4,2,8,16,Neutral
4,2,9,2,Asustado
4,2,9,3,Neutral
4,2,9,4,Poderoso
4,2,9,5,Alegre
4,2,9,6,Neutral
4,2,9,7,Tranquilo
4,2,9,8,Poderoso
4,2,10,2,Poderoso
4,2,10,3,Asustado
4,2,10,4,Neutral
4,2,10,5,Asustado
4,2,10,6,Neutral
4,2,10,7,Alegre
4,2,10,8,Neutral
4,2,10,10,Alegre
4,2,11,2,Neutral
4,2,11,3,Alegre
4,2,11,4,Asustado
4,2,11,5,Tranquilo
4,2,11,6,Alegre
4,2,11,7,Tranquilo
4,2,11,8,Tranquilo
4,2,11,9,Neutral
4,2,11,10,Tranquilo
4,2,11,11,Neutral
4,2,11,12,Tranquilo
4,2,11,13,Tranquilo
4,2,11,14,Asustado
4,2,11,15,Tranquilo
4,2,11,16,Alegre
4,2,12,2,Poderoso
4,2,12,3,Asustado
4,2,12,4,Asustado
4,2,12,5,Poderoso
4,2,12,6,Asustado
4,2,12,7,Enojado
4,2,12,8,Enojado
4,2,12,9,Asustado
4,2,12,10,Enojado
4,2,12,11,Tranquilo
4,2,12,12,Enojado
4,2,13,2,Alegre
4,2,13,3,Alegre
4,2,13,4,Alegre
4,2,13,5,Alegre
4,2,13,6,Poderoso
4,2,13,7,Triste
4,2,13,8,Alegre
4,2,13,9,Alegre
4,2,13,10,Tranquilo
4,3,1,2,Alegre
4,3,1,3,Neutral
4,3,1,4,Alegre
4,3,1,5,Alegre
4,3,1,6,Alegre
4,3,1,8,Neutral
4,3,2,2,Alegre
4,3,2,3,Tranquilo
4,3,2,4,Poderoso
4,3,2,5,Neutral
4,3,2,6,Tranquilo
4,3,2,7,Alegre
4,3,2,8,Tranquilo
4,3,3,2,Alegre
4,3,3,3,Alegre
4,3,3,4,Asustado
4,3,3,5,Tranquilo
4,3,3,6,Tranquilo
4,3,3,7,Alegre
4,3,3,8,Alegre
4,3,3,9,Alegre
4,3,3,10,Asustado
4,3,3,11,Enojado
4,3,3,13,Enojado
4,3,3,14,Asustado
4,3,3,16,Enojado
4,3,3,17,Asustado
4,3,3,19,Enojado
4,3,3,20,Asustado
4,3,3,21,Tranquilo
4,3,3,22,Alegre
4,3,3,23,Triste
4,3,4,2,Neutral
4,3,4,3,Alegre
4,3,4,4,Neutral
4,3,4,5,Alegre
4,3,4,6,Poderoso
4,3,4,7,Asustado
4,3,4,8,Enojado
4,3,4,9,Alegre
4,3,4,10,Enojado
4,3,4,11,Alegre
4,3,4,12,Asustado
4,3,4,13,Alegre
4,3,4,14,Alegre
4,3,5,2,Neutral
4,3,5,3,Neutral
4,3,5,4,Poderoso
4,3,5,5,Tranquilo
4,3,5,6,Triste
4,3,5,9,Enojado
4,3,5,10,Alegre
4,3,5,13,Alegre
4,3,5,14,Alegre
4,3,5,16,Alegre
4,3,5,18,Alegre
4,3,5,19,Alegre
4,3,9,2,Neutral
4,3,9,3,Neutral
4,3,9,4,Neutral
4,3,9,5,Neutral
4,3,9,6,Tranquilo
4,3,9,7,Alegre
4,3,9,8,Neutral
4,3,9,9,Neutral
4,3,9,10,Neutral
4,3,9,11,Alegre
4,3,9,12,Triste
4,3,10,2,Neutral
4,3,10,3,Neutral
4,3,10,4,Alegre
4,3,10,5,Poderoso
4,3,10,6,Alegre
4,3,10,7,Poderoso
4,3,10,8,Neutral
4,3,10,9,Triste
4,3,10,10,Alegre
4,3,10,11,Poderoso
4,3,10,13,Poderoso
4,3,11,2,Tranquilo
4,3,11,3,Tranquilo
4,3,11,4,Asustado
4,3,11,5,Enojado
4,3,11,6,Asustado
4,3,11,7,Alegre
4,3,11,8,Tranquilo
4,3,11,9,Alegre
4,3,11,10,Poderoso
4,3,11,12,Asustado
4,3,11,14,Tranquilo
4,3,12,2,Asustado
4,3,12,3,Tranquilo
4,3,12,4,Neutral
4,3,12,5,Asustado
4,3,12,6,Asustado
4,3,12,7,Asustado
4,3,12,8,Triste
4,3,12,9,Triste
4,3,12,10,Triste
4,3,12,11,Asustado
4,3,12,12,Tranquilo
4,3,13,2,Alegre
4,3,13,3,Neutral
4,3,13,4,Alegre
4,3,13,5,Alegre
4,3,13,6,Alegre
4,3,13,7,Neutral
4,3,13,8,Alegre
4,3,13,9,Tranquilo
4,3,13,10,Alegre
4,3,13,11,Enojado
4,3,13,12,Poderoso
4,3,13,13,Tranquilo
4,3,13,14,Poderoso
4,3,13,15,Poderoso
4,3,13,16,Poderoso
4,3,14,2,Neutral
4,3,14,3,Enojado
4,3,14,4,Neutral
4,3,14,5,Alegre
4,3,14,6,Alegre
4,3,14,7,Alegre
4,3,14,8,Alegre
4,3,14,9,Asustado
4,3,14,10,Poderoso
4,3,14,11,Alegre
4,3,14,12,Asustado
4,3,14,13,Asustado
4,3,14,14,Alegre
4,3,14,15,Alegre
4,3,14,16,Neutral
4,3,14,17,Neutral
4,3,14,18,Poderoso
4,3,15,2,Poderoso
4,3,15,3,Neutral
4,3,15,4,Alegre
4,3,15,5,Alegre
4,3,15,6,Alegre
4,3,15,7,Neutral
4,3,15,9,Tranquilo
4,3,15,10,Tranquilo
4,3,15,11,Triste
4,3,15,12,Asustado
4,3,15,13,Tranquilo
4,3,15,14,Asustado
4,3,15,15,Asustado
4,3,15,16,Tranquilo
4,3,15,17,Asustado
4,3,15,18,Poderoso
4,3,15,19,Asustado
4,3,15,20,Triste
4,3,15,21,Asustado
4,3,15,22,Neutral
4,3,15,23,Asustado
4,3,15,24,Asustado
4,3,16,2,Neutral
4,3,16,3,Alegre
4,3,16,4,Neutral
4,3,16,5,Asustado
4,3,16,6,Neutral
4,3,16,7,Neutral
4,3,16,9,Poderoso
4,3,16,10,Neutral
4,4,1,2,Alegre
4,4,1,3,Neutral
4,4,1,4,Enojado
4,4,1,5,Asustado
4,4,1,6,Enojado
4,4,1,7,Neutral
4,4,1,8,Enojado
4,4,1,9,Enojado
4,4,1,10,Neutral
4,4,1,11,Neutral
4,4,2,2,Alegre
4,4,2,3,Alegre
4,4,2,5,Poderoso
4,4,2,6,Triste
4,4,2,7,Triste
4,4,2,8,Triste
4,4,2,9,Neutral
4,4,2,10,Tranquilo
4,4,2,11,Poderoso
4,4,2,12,Enojado
4,4,2,13,Triste
4,4,2,14,Triste
4,4,2,16,Triste
4,4,3,2,Enojado
4,4,3,3,Neutral
4,4,3,4,Enojado
4,4,3,5,Tranquilo
4,4,3,6,Enojado
4,4,3,7,Enojado
4,4,3,8,Alegre
4,4,3,9,Triste
4,4,3,10,Neutral
4,4,3,11,Enojado
4,4,3,12,Neutral
4,4,3,13,Alegre
4,4,3,14,Tranquilo
4,4,3,15,Enojado
4,4,3,16,Neutral
4,4,3,17,Neutral
4,4,4,2,Neutral
4,4,4,3,Enojado
4,4,4,4,Neutral
4,4,4,5,Enojado
4,4,4,6,Enojado
4,4,4,7,Neutral
4,4,4,8,Enojado
4,4,4,9,Enojado
4,4,6,2,Poderoso
4,4,6,3,Poderoso
4,4,6,4,Poderoso
4,4,6,5,Poderoso
4,4,6,6,Alegre
4,4,6,7,Poderoso
4,4,6,8,Triste
4,4,6,9,Poderoso
4,4,6,10,Triste
4,4,6,11,Poderoso
4,4,6,12,Neutral
4,4,6,13,Neutral
4,4,6,14,Neutral
4,4,6,15,Asustado
4,4,6,16,Poderoso
4,4,6,17,Neutral
4,4,6,18,Poderoso
4,4,6,19,Neutral
4,4,6,21,Alegre
4,4,7,2,Alegre
4,4,7,3,Alegre
4,4,7,4,Neutral
4,4,7,5,Neutral
4,4,7,6,Neutral
4,4,7,7,Asustado
4,4,7,8,Neutral
4,4,7,9,Neutral
4,4,7,10,Asustado
4,4,7,11,Asustado
4,4,8,2,Neutral
4,4,8,3,Triste
4,4,8,4,Poderoso
4,4,8,5,Asustado
4,4,8,6,Enojado
4,4,8,7,Asustado
4,4,8,8,Neutral
4,4,8,9,Asustado
4,4,8,10,Poderoso
4,4,8,11,Asustado
4,4,8,12,Poderoso
4,4,8,13,Asustado
4,4,8,14,Asustado
4,4,8,15,Asustado
4,4,10,2,Tranquilo
4,4,10,3,Poderoso
4,4,10,4,Asustado
4,4,10,5,Tranquilo
4,4,10,7,Triste
4,4,10,8,Triste
4,4,10,9,Triste
4,4,10,10,Tranquilo
4,4,10,11,Tranquilo
4,4,10,12,Tranquilo
4,4,10,13,Poderoso
4,4,11,2,Neutral
4,4,11,3,Alegre
4,4,11,4,Alegre
4,4,11,5,Neutral
4,4,11,6,Tranquilo
4,4,11,7,Neutral
4,4,11,8,Poderoso
4,4,11,9,Alegre
4,4,11,10,Enojado
4,4,11,11,Alegre
4,4,11,12,Alegre
4,4,11,13,Alegre
4,4,11,14,Tranquilo
4,4,11,15,Tranquilo
4,4,11,16,Tranquilo
4,4,11,18,Neutral
4,4,12,2,Neutral
4,4,12,3,Neutral
4,4,12,4,Neutral
4,4,12,5,Neutral
4,4,12,6,Neutral
4,4,12,7,Neutral
4,4,12,8,Neutral
4,4,12,9,Neutral
4,4,12,10,Enojado
4,4,13,2,Asustado
4,4,13,4,Asustado
4,4,13,5,Alegre
4,4,13,6,Alegre
4,4,13,7,Enojado
4,4,13,8,Tranquilo
4,4,13,9,Alegre
4,4,13,10,Alegre
4,4,13,11,Alegre
4,4,13,13,Enojado
4,4,13,14,Alegre
4,4,13,15,Alegre
4,4,13,17,Tranquilo
4,4,13,18,Poderoso
4,4,13,19,Poderoso
4,4,13,20,Tranquilo
4,4,13,21,Enojado
4,4,13,22,Poderoso
4,5,3,2,Neutral
4,5,3,3,Neutral
4,5,3,4,Neutral
4,5,3,5,Triste
4,5,3,6,Alegre
4,5,3,7,Alegre
4,5,3,8,Triste
4,5,3,9,Asustado
4,5,3,10,Neutral
4,5,3,11,Neutral
4,5,3,12,Alegre
4,5,3,13,Alegre
4,5,3,14,Neutral
4,5,3,15,Triste
4,5,3,16,Tranquilo
4,5,3,17,Poderoso
4,5,3,18,Alegre
4,5,3,20,Alegre
4,5,3,21,Alegre
4,5,3,22,Tranquilo
4,5,3,23,Tranquilo
4,5,4,2,Alegre
4,5,4,3,Neutral
4,5,4,4,Alegre
4,5,4,5,Alegre
4,5,4,6,Alegre
4,5,4,7,Alegre
4,5,4,8,Neutral
4,5,4,9,Neutral
4,5,4,10,Neutral
4,5,4,11,Alegre
4,5,4,12,Tranquilo
4,5,4,13,Neutral
4,5,4,14,Neutral
4,5,4,15,Neutral
4,5,4,16,Neutral
4,5,4,17,Neutral
4,5,4,18,Neutral
4,5,4,19,Enojado
4,5,4,20,Neutral
4,5,4,21,Neutral
4,5,4,22,Neutral
4,5,4,23,Neutral
4,5,4,24,Neutral
4,5,4,25,Alegre
4,5,6,2,Neutral
4,5,6,3,Alegre
4,5,6,4,Neutral
4,5,6,5,Alegre
4,5,6,6,Poderoso
4,5,6,7,Tranquilo
4,5,6,8,Tranquilo
4,5,6,9,Alegre
4,5,6,10,Tranquilo
4,5,6,11,Neutral
4,5,6,12,Alegre
4,5,6,13,Tranquilo
4,5,6,14,Neutral
4,5,6,15,Tranquilo
4,5,7,2,Alegre
4,5,7,3,Neutral
4,5,7,4,Alegre
4,5,7,5,Alegre
4,5,7,6,Enojado
4,5,8,2,Tranquilo
4,5,8,3,Triste
4,5,8,5,Tranquilo
4,5,8,6,Asustado
4,5,8,7,Asustado
4,5,8,8,Triste
4,5,8,9,Asustado
4,5,8,10,Asustado
4,5,8,11,Asustado
4,5,8,12,Triste
4,5,8,13,Triste
4,5,8,14,Enojado
4,5,8,16,Tranquilo
4,5,8,17,Alegre
4,5,8,18,Alegre
4,5,8,19,Alegre
4,5,8,20,Alegre
4,5,9,2,Alegre
4,5,9,3,Alegre
4,5,9,4,Alegre
4,5,9,5,Alegre
4,5,9,6,Neutral
4,5,9,7,Neutral
4,5,9,8,Neutral
4,5,9,9,Enojado
4,5,9,10,Asustado
4,5,9,11,Enojado
4,5,9,12,Neutral
4,5,9,13,Enojado
4,5,9,14,Neutral
4,5,9,15,Alegre
4,5,9,16,Neutral
4,5,10,2,Neutral
4,5,10,3,Asustado
4,5,10,4,Alegre
4,5,10,5,Alegre
4,5,10,6,Neutral
4,5,10,7,Asustado
4,5,10,8,Neutral
4,5,10,9,Enojado
4,5,10,10,Alegre
4,5,10,11,Enojado
4,5,10,12,Tranquilo
4,5,10,13,Tranquilo
4,5,10,14,Alegre
4,5,10,15,Poderoso
4,5,10,16,Alegre
4,5,10,17,Triste
4,5,10,18,Neutral
4,5,10,19,Asustado
4,5,10,21,Enojado
4,5,11,2,Alegre
4,5,11,3,Alegre
4,5,11,4,Neutral
4,5,11,5,Neutral
4,5,11,6,Tranquilo
4,5,11,7,Tranquilo
4,5,11,8,Alegre
4,5,11,9,Tranquilo
4,5,11,10,Alegre
4,5,11,11,Alegre
4,5,11,12,Tranquilo
4,5,11,13,Neutral
4,5,11,14,Poderoso
4,5,11,15,Tranquilo
4,5,11,16,Enojado
4,5,11,17,Neutral
4,5,11,18,Neutral
4,5,11,19,Neutral
4,5,11,20,Neutral
4,5,12,2,Neutral
4,5,12,3,Asustado
4,5,12,4,Alegre
4,5,12,5,Triste
4,5,12,6,Alegre
4,5,12,7,Triste
4,5,12,8,Enojado
4,5,12,9,Enojado
4,5,12,10,Poderoso
4,5,12,11,Enojado
4,5,12,12,Alegre
4,5,12,13,Enojado
4,5,12,15,Enojado
4,5,12,16,Enojado
4,5,12,17,Neutral
4,5,12,18,Asustado
4,5,12,19,Poderoso
4,5,12,20,Tranquilo
4,5,16,2,Alegre
4,5,16,4,Asustado
4,5,16,5,Neutral
4,5,16,6,Neutral
4,5,16,7,Neutral
4,5,16,8,Asustado
4,5,16,9,Asustado
4,5,16,10,Poderoso
4,5,16,11,Asustado
4,5,16,12,Enojado
4,6,1,2,Alegre
4,6,1,3,Poderoso
4,6,1,5,Neutral
4,6,1,6,Asustado
4,6,1,7,Alegre
4,6,1,9,Poderoso
4,6,1,10,Tranquilo
4,6,1,11,Alegre
4,6,1,12,Alegre
4,6,1,13,Poderoso
4,6,1,14,Poderoso
4,6,1,15,Poderoso
4,6,1,16,Tranquilo
4,6,1,17,Alegre
4,6,3,2,Alegre
4,6,3,3,Tranquilo
4,6,3,4,Alegre
4,6,3,5,Neutral
4,6,3,7,Asustado
4,6,3,8,Asustado
4,6,3,9,Tranquilo
4,6,3,10,Asustado
4,6,3,11,Asustado
4,6,3,12,Asustado
4,6,3,13,Tranquilo
4,6,3,14,Asustado
4,6,3,15,Neutral
4,6,4,2,Neutral
4,6,4,3,Neutral
4,6,4,4,Poderoso
4,6,4,5,Tranquilo
4,6,4,6,Neutral
4,6,4,7,Alegre
4,6,4,9,Enojado
4,6,4,10,Alegre
4,6,4,11,Neutral
4,6,4,12,Alegre
4,6,4,13,Neutral
4,6,4,14,Triste
4,6,6,2,Neutral
4,6,6,3,Triste
4,6,6,4,Tranquilo
4,6,6,5,Neutral
4,6,6,6,Tranquilo
4,6,6,7,Triste
4,6,6,8,Tranquilo
4,6,6,9,Triste
4,6,6,11,Alegre
4,6,6,12,Tranquilo
4,6,6,13,Alegre
4,6,7,2,Poderoso
4,6,7,3,Poderoso
4,6,7,4,Neutral
4,6,7,5,Poderoso
4,6,7,6,Alegre
4,6,7,7,Asustado
4,6,7,8,Asustado
4,6,7,9,Poderoso
4,6,7,10,Poderoso
4,6,7,11,Asustado
4,6,7,12,Asustado
4,6,7,13,Tranquilo
4,6,7,14,Triste
4,6,7,15,Tranquilo
4,6,7,16,Poderoso
4,6,7,17,Alegre
4,6,7,18,Neutral
4,6,7,19,Triste
4,6,7,20,Tranquilo
4,6,7,21,Tranquilo
4,6,7,22,Tranquilo
4,6,8,2,Tranquilo
4,6,8,3,Alegre
4,6,8,4,Poderoso
4,6,8,5,Poderoso
4,6,8,6,Poderoso
4,6,8,7,Alegre
4,6,8,8,Tranquilo
4,6,8,9,Poderoso
4,6,8,10,Poderoso
4,6,8,11,Poderoso
4,6,8,12,Alegre
4,6,8,13,Alegre
4,6,8,14,Neutral
4,6,8,15,Neutral
4,6,8,16,Poderoso
4,6,8,17,Neutral
4,6,8,18,Asustado
4,6,9,2,Alegre
4,6,9,4,Poderoso
4,6,9,5,Alegre
4,6,9,6,Poderoso
4,6,9,7,Asustado
4,6,9,8,Asustado
4,6,9,9,Triste
4,6,9,10,Asustado
4,6,9,11,Enojado
4,6,9,12,Alegre
4,6,9,13,Tranquilo
4,6,10,2,Neutral
4,6,10,3,Asustado
4,6,10,4,Neutral
4,6,10,5,Alegre
4,6,10,6,Alegre
4,6,10,7,Alegre
4,6,10,8,Alegre
4,6,10,9,Neutral
4,6,10,10,Asustado
4,6,10,11,Alegre
4,6,10,13,Asustado
4,6,10,14,Asustado
4,6,10,15,Tranquilo
4,6,11,2,Alegre
4,6,11,4,Poderoso
4,6,11,6,Alegre
4,6,11,8,Alegre
4,6,11,9,Alegre
4,6,11,10,Alegre
4,6,11,11,Alegre
4,6,11,12,Alegre
4,6,11,13,Enojado
4,6,11,14,Enojado
4,6,11,15,Alegre
4,6,11,16,Alegre
4,6,11,17,Alegre
4,6,11,18,Alegre
4,6,11,19,Alegre
4,6,11,20,Alegre
4,7,1,2,Asustado
4,7,1,3,Alegre
4,7,1,4,Asustado
4,7,1,6,Alegre
4,7,1,7,Alegre
4,7,2,2,Neutral
4,7,2,3,Tranquilo
4,7,2,4,Alegre
4,7,2,5,Tranquilo
4,7,2,6,Alegre
4,7,2,7,Alegre
4,7,2,8,Poderoso
4,7,2,9,Asustado
4,7,2,10,Alegre
4,7,2,11,Enojado
4,7,2,12,Alegre
4,7,2,13,Enojado
4,7,2,14,Poderoso
4,7,2,15,Alegre
4,7,2,16,Asustado
4,7,2,17,Tranquilo
4,7,2,18,Poderoso
4,7,5,2,Triste
4,7,5,3,Asustado
4,7,5,4,Asustado
4,7,5,5,Tranquilo
4,7,5,6,Tranquilo
4,7,5,7,Triste
4,7,5,8,Tranquilo
4,7,5,9,Neutral
4,7,5,10,Triste
4,7,5,11,Asustado
4,7,5,12,Asustado
4,7,5,13,Triste
4,7,5,14,Neutral
4,7,5,15,Neutral
4,7,5,16,Asustado
4,7,5,17,Tranquilo
4,7,5,18,Neutral
4,7,5,19,Asustado
4,7,6,2,Neutral
4,7,6,3,Tranquilo
4,7,6,4,Alegre
4,7,6,6,Neutral
4,7,6,7,Alegre
4,7,6,8,Triste
4,7,6,9,Neutral
4,7,6,10,Triste
4,7,6,11,Poderoso
4,7,6,12,Poderoso
4,7,6,13,Poderoso
4,7,6,15,Poderoso
4,7,6,16,Poderoso
4,7,6,17,Alegre
4,7,7,2,Enojado
4,7,7,3,Alegre
4,7,7,4,Asustado
4,7,7,5,Poderoso
4,7,7,6,Asustado
4,7,7,7,Tranquilo
4,7,7,8,Alegre
4,7,7,9,Alegre
4,7,7,10,Poderoso
4,7,7,11,Neutral
4,7,7,12,Tranquilo
4,7,7,13,Neutral
4,7,7,14,Asustado
4,7,7,15,Neutral
4,7,7,16,Tranquilo
4,7,7,17,Poderoso
4,7,7,18,Neutral
4,7,7,19,Tranquilo
4,7,7,20,Tranquilo
4,7,7,21,Poderoso
4,7,7,22,Tranquilo
4,7,7,23,Poderoso
4,7,8,2,Alegre
4,7,8,3,Alegre
4,7,8,4,Asustado
4,7,8,5,Alegre
4,7,8,6,Tranquilo
4,7,8,7,Alegre
4,7,8,8,Triste
4,7,8,9,Triste
4,7,8,10,Neutral
4,7,9,2,Alegre
4,7,9,3,Alegre
4,7,9,4,Poderoso
4,7,9,5,Alegre
4,7,9,6,Asustado
4,7,9,7,Poderoso
4,7,9,8,Asustado
4,7,9,9,Neutral
4,7,9,10,Triste
4,7,9,11,Triste
4,7,9,12,Triste
4,7,9,13,Alegre
4,7,9,14,Asustado
4,7,9,15,Triste
4,7,9,16,Alegre
4,7,9,17,Alegre
4,7,9,18,Poderoso
4,7,9,19,Poderoso
4,7,9,20,Poderoso
4,7,9,21,Poderoso
4,7,9,22,Tranquilo
4,7,9,23,Neutral
4,7,9,24,Alegre
4,7,11,2,Asustado
4,7,11,3,Neutral
4,7,11,4,Enojado
4,7,11,6,Asustado
4,7,11,7,Neutral
4,7,11,9,Neutral
4,7,11,10,Neutral
4,7,11,11,Alegre
4,7,11,13,Neutral
4,7,11,14,Neutral
4,8,1,2,Neutral
4,8,1,3,Asustado
4,8,1,6,Neutral
4,8,1,7,Enojado
4,8,1,10,Enojado
4,8,1,11,Neutral
4,8,1,12,Neutral
4,8,1,13,Enojado
4,8,3,2,Neutral
4,8,3,3,Neutral
4,8,3,4,Neutral
4,8,3,5,Asustado
4,8,3,6,Tranquilo
4,8,3,7,Alegre
4,8,3,8,Neutral
4,8,3,9,Neutral
4,8,3,10,Neutral
4,8,3,11,Neutral
4,8,3,12,Asustado
4,8,3,13,Alegre
4,8,3,14,Poderoso
4,8,3,15,Alegre
4,8,3,16,Alegre
4,8,3,17,Alegre
4,8,3,18,Poderoso
4,8,3,19,Alegre
4,8,3,20,Alegre
4,8,3,21,Triste
4,8,4,2,Poderoso
4,8,4,3,Triste
4,8,4,4,Neutral
4,8,4,5,Neutral
4,8,4,7,Neutral
4,8,4,8,Neutral
4,8,5,2,Poderoso
4,8,5,3,Alegre
4,8,5,4,Poderoso
4,8,5,6,Tranquilo
4,8,5,7,Neutral
4,8,5,8,Poderoso
4,8,5,9,Poderoso
4,8,6,2,Asustado
4,8,6,3,Poderoso
4,8,6,4,Asustado
4,8,6,5,Poderoso
4,8,6,6,Asustado
4,8,6,7,Triste
4,8,6,8,Asustado
4,8,6,9,Poderoso
4,8,6,10,Triste
4,8,6,11,Enojado
4,8,6,13,Triste
4,8,6,14,Enojado
4,8,6,15,Enojado
4,8,6,16,Enojado
4,8,6,17,Triste
4,8,6,18,Tranquilo
4,8,7,2,Neutral
4,8,7,3,Neutral
4,8,7,4,Alegre
4,8,7,5,Alegre
4,8,7,6,Alegre
4,8,7,7,Neutral
4,8,7,8,Neutral
4,8,7,9,Asustado
4,8,7,10,Neutral
4,8,7,11,Neutral
4,8,7,12,Neutral
4,8,7,13,Neutral
4,8,7,14,Neutral
4,8,7,15,Asustado
4,8,7,16,Neutral
4,8,7,17,Triste
4,8,7,18,Neutral
4,8,7,19,Alegre
4,8,7,20,Triste
4,8,7,21,Alegre
4,8,7,22,Neutral
4,8,7,23,Neutral
4,8,9,2,Alegre
4,8,9,3,Alegre
4,8,9,4,Alegre
4,8,9,5,Asustado
4,8,9,6,Asustado
4,8,9,7,Alegre
4,8,9,9,Neutral
4,9,1,2,Neutral
4,9,1,3,Poderoso
4,9,1,4,Poderoso
4,9,1,5,Poderoso
4,9,1,7,Alegre
4,9,1,8,Alegre
4,9,1,9,Neutral
4,9,1,10,Neutral
4,9,1,11,Neutral
4,9,1,12,Alegre
4,9,1,13,Triste
4,9,1,14,Alegre
4,9,1,15,Alegre
4,9,3,2,Poderoso
4,9,3,3,Poderoso
4,9,3,4,Poderoso
4,9,3,5,Poderoso
4,9,3,6,Poderoso
4,9,3,7,Asustado
4,9,3,8,Asustado
4,9,3,9,Alegre
4,9,3,10,Alegre
4,9,3,11,Poderoso
4,9,3,12,Asustado
4,9,3,13,Triste
4,9,3,14,Alegre
4,9,3,15,Alegre
4,9,4,2,Alegre
4,9,4,3,Tranquilo
4,9,4,4,Alegre
4,9,4,5,Alegre
4,9,4,6,Alegre
4,9,4,7,Alegre
4,9,4,8,Alegre
4,9,4,9,Alegre
4,9,4,10,Alegre
4,9,4,11,Asustado
4,9,4,12,Neutral
4,9,4,13,Alegre
4,9,4,14,Tranquilo
4,9,4,15,Triste
4,9,4,16,Tranquilo
4,9,4,17,Triste
4,9,4,18,Alegre
4,9,4,19,Enojado
4,9,5,2,Poderoso
4,9,5,3,Alegre
4,9,5,4,Alegre
4,9,5,5,Enojado
4,9,5,6,Poderoso
4,9,5,7,Alegre
4,9,5,8,Alegre
4,9,5,9,Enojado
4,9,5,10,Asustado
4,9,5,11,Poderoso
4,9,5,12,Poderoso
4,9,5,13,Neutral
4,9,5,14,Alegre
4,9,5,15,Asustado
4,9,6,2,Poderoso
4,9,6,3,Poderoso
4,9,6,4,Neutral
4,9,6,5,Neutral
4,9,6,6,Poderoso
4,9,6,7,Poderoso
4,9,6,8,Alegre
4,9,6,9,Triste
4,9,6,10,Alegre
4,9,6,11,Asustado
4,9,6,12,Neutral
4,9,6,13,Neutral
4,9,6,15,Poderoso
4,9,6,16,Neutral
4,9,6,17,Neutral
4,9,6,18,Poderoso
4,9,6,19,Poderoso
4,9,6,20,Poderoso
4,9,6,21,Tranquilo
4,9,6,22,Poderoso
4,9,6,23,Neutral
4,9,6,24,Neutral
4,9,6,25,Neutral
4,9,7,2,Enojado
4,9,7,3,Enojado
4,9,7,4,Enojado
4,9,7,5,Enojado
4,9,7,6,Enojado
4,9,7,7,Poderoso
4,9,7,8,Poderoso
4,9,7,9,Enojado
4,9,7,10,Asustado
4,9,7,11,Poderoso
4,9,7,12,Enojado
4,9,9,2,Alegre
4,9,9,3,Tranquilo
4,9,9,4,Neutral
4,9,9,5,Tranquilo
4,9,9,6,Poderoso
4,9,9,7,Asustado
4,9,9,8,Alegre
4,9,9,9,Asustado
4,9,9,10,Poderoso
4,9,9,11,Poderoso
4,9,9,12,Tranquilo
4,9,9,13,Tranquilo
4,9,9,14,Poderoso
4,9,9,15,Poderoso
4,9,9,16,Poderoso
4,9,9,17,Alegre
4,9,9,18,Enojado
4,9,9,19,Alegre
4,9,9,20,Alegre
4,9,9,21,Tranquilo
4,9,9,22,Alegre
4,9,9,23,Neutral
4,9,9,24,Tranquilo
4,9,9,25,Poderoso
4,9,9,26,Poderoso
4,9,11,2,Neutral
4,9,11,3,Neutral
4,9,11,4,Neutral
4,9,11,5,Neutral
4,9,11,6,Neutral
4,9,11,7,Asustado
4,9,11,8,Neutral
4,9,11,9,Alegre
4,9,11,10,Poderoso
4,9,11,11,Neutral
4,9,11,12,Tranquilo
4,9,11,13,Asustado
4,9,11,14,Tranquilo
4,9,11,15,Tranquilo
4,9,11,16,Neutral
4,9,11,17,Neutral
4,9,11,18,Triste
4,9,11,20,Neutral
4,9,11,21,Alegre
4,9,11,22,Asustado
4,9,11,23,Neutral
4,9,11,24,Alegre
4,9,11,25,Neutral
4,9,11,26,Alegre
4,9,11,27,Asustado
4,9,12,2,Asustado
4,9,12,3,Poderoso
4,9,12,4,Poderoso
4,9,12,5,Alegre
4,9,12,6,Alegre
4,9,12,7,Neutral
4,9,12,8,Neutral
4,9,12,9,Neutral
4,9,12,10,Poderoso
4,9,12,11,Poderoso
4,9,12,12,Alegre
4,9,12,13,Alegre
4,9,12,14,Alegre
4,9,12,15,Asustado
4,9,12,16,Asustado
4,9,12,17,Asustado
4,9,12,18,Poderoso
4,9,12,19,Poderoso
4,9,12,20,Alegre
4,9,12,21,Alegre
4,9,13,2,Neutral
4,9,13,3,Alegre
4,9,13,4,Alegre
4,9,13,5,Triste
4,9,13,6,Triste
4,9,13,7,Asustado
4,9,13,8,Triste
4,9,13,9,Poderoso
4,9,13,10,Triste
4,9,13,11,Triste
4,9,13,12,Tranquilo
4,9,13,13,Triste
4,9,13,14,Triste
4,9,13,15,Triste
4,9,13,16,Alegre
4,9,13,17,Neutral
4,9,13,18,Alegre
4,10,1,2,Alegre
4,10,1,3,Alegre
4,10,1,4,Neutral
4,10,1,5,Alegre
4,10,1,6,Tranquilo
4,10,1,7,Poderoso
4,10,1,8,Tranquilo
4,10,1,10,Tranquilo
4,10,1,11,Poderoso
4,10,1,12,Tranquilo
4,10,1,13,Alegre
4,10,1,14,Neutral
4,10,1,15,Tranquilo
4,10,1,16,Tranquilo
4,10,1,17,Poderoso
4,10,3,2,Asustado
4,10,3,3,Tranquilo
4,10,3,4,Asustado
4,10,3,5,Asustado
4,10,3,6,Neutral
4,10,3,7,Alegre
4,10,3,8,Neutral
4,10,3,9,Alegre
4,10,3,10,Neutral
4,10,3,11,Neutral
4,10,3,12,Poderoso
4,10,3,13,Alegre
4,10,3,14,Alegre
4,10,3,15,Alegre
4,10,5,2,Alegre
4,10,5,3,Asustado
4,10,5,4,Tranquilo
4,10,5,5,Poderoso
4,10,5,6,Tranquilo
4,10,5,7,Alegre
4,10,5,8,Tranquilo
4,10,5,9,Alegre
4,10,5,10,Alegre
4,10,5,11,Tranquilo
4,10,5,12,Tranquilo
4,10,5,13,Poderoso
4,10,6,2,Neutral
4,10,6,3,Neutral
4,10,6,4,Neutral
4,10,6,5,Enojado
4,10,6,6,Asustado
4,10,6,7,Enojado
4,10,6,8,Asustado
4,10,6,9,Neutral
4,10,7,2,Alegre
4,10,7,3,Alegre
4,10,7,4,Alegre
4,10,7,5,Alegre
4,10,7,6,Asustado
4,10,7,7,Asustado
4,10,7,8,Enojado
4,10,7,9,Neutral
4,10,7,10,Enojado
4,10,8,2,Alegre
4,10,8,3,Asustado
4,10,8,4,Tranquilo
4,10,8,5,Alegre
4,10,8,6,Asustado
4,10,8,7,Enojado
4,10,8,8,Neutral
4,10,8,9,Enojado
4,10,8,10,Poderoso
4,10,8,11,Tranquilo
4,10,8,12,Poderoso
4,10,8,13,Enojado
4,10,8,14,Alegre
4,10,8,15,Neutral
4,10,9,2,Asustado
4,10,9,3,Triste
4,10,9,4,Enojado
4,10,9,5,Asustado
4,10,9,6,Neutral
4,10,9,7,Neutral
4,10,10,2,Alegre
4,10,10,3,Neutral
4,10,10,4,Neutral
4,10,10,5,Neutral
4,10,10,6,Neutral
4,10,10,7,Neutral
4,10,10,8,Neutral
4,10,10,9,Neutral
4,10,10,10,Neutral
4,10,10,11,Neutral
4,10,10,12,Neutral
4,10,10,13,Neutral
4,10,10,14,Neutral
4,10,10,15,Neutral
4,10,10,16,Neutral
4,10,10,17,Neutral
4,10,11,2,Neutral
4,10,11,3,Asustado
4,10,11,4,Enojado
4,10,11,5,Asustado
4,10,11,6,Enojado
4,10,11,7,Triste
4,10,11,8,Enojado
4,10,11,9,Triste
4,10,11,10,Enojado
4,10,11,11,Poderoso
4,10,11,12,Alegre
4,10,11,13,Neutral
4,10,11,14,Neutral
4,10,11,15,Tranquilo
4,10,11,16,Alegre
4,10,11,17,Alegre
4,10,11,18,Alegre
4,10,11,20,Tranquilo
4,10,11,21,Enojado
4,10,11,22,Asustado
4,10,13,2,Poderoso
4,10,13,3,Enojado
4,10,13,4,Poderoso
4,10,13,5,Enojado
4,10,13,6,Enojado
4,10,13,8,Enojado
4,10,13,9,Poderoso
4,10,13,10,Enojado
4,10,13,11,Poderoso
4,10,13,12,Asustado
4,10,13,13,Poderoso
4,10,13,14,Enojado
4,10,13,15,Poderoso
4,10,13,16,Poderoso
4,10,13,17,Asustado
4,10,13,18,Enojado
4,10,13,19,Asustado
4,10,13,20,Enojado
4,10,13,21,Alegre
4,10,13,22,Poderoso
4,10,14,2,Neutral
4,10,14,3,Neutral
4,10,14,4,Alegre
4,10,14,5,Neutral
4,10,14,6,Alegre
4,10,14,7,Alegre
4,10,14,8,Alegre
4,10,14,9,Alegre
4,10,14,10,Neutral
4,10,15,2,Neutral
4,10,15,3,Neutral
4,10,15,4,Alegre
4,10,15,5,Enojado
4,10,15,6,Triste
4,11,1,2,Poderoso
4,11,1,3,Alegre
4,11,1,4,Asustado
4,11,1,5,Triste
4,11,1,6,Asustado
4,11,1,7,Alegre
4,11,1,8,Alegre
4,11,1,9,Neutral
4,11,1,10,Alegre
4,11,1,11,Neutral
4,11,1,12,Neutral
4,11,1,13,Poderoso
4,11,1,14,Alegre
4,11,5,2,Tranquilo
4,11,5,3,Neutral
4,11,5,4,Alegre
4,11,5,5,Asustado
4,11,5,6,Alegre
4,11,5,7,Asustado
4,11,5,8,Alegre
4,11,5,9,Asustado
4,11,5,10,Poderoso
4,11,5,11,Asustado
4,11,5,12,Asustado
4,11,5,13,Tranquilo
4,11,5,14,Asustado
4,11,5,15,Asustado
4,11,5,16,Asustado
4,11,5,17,Asustado
4,11,5,18,Asustado
4,11,5,19,Alegre
4,11,5,20,Alegre
4,11,5,21,Asustado
4,11,5,22,Alegre
4,11,5,23,Tranquilo
4,11,5,24,Poderoso
4,11,5,25,Triste
4,11,6,2,Neutral
4,11,6,3,Neutral
4,11,6,4,Poderoso
4,11,6,5,Tranquilo
4,11,6,6,Poderoso
4,11,6,7,Alegre
4,11,6,8,Alegre
4,11,6,9,Alegre
4,11,6,10,Tranquilo
4,11,6,11,Tranquilo
4,11,6,13,Alegre
4,11,7,2,Triste
4,11,7,3,Poderoso
4,11,7,4,Neutral
4,11,7,5,Enojado
4,11,7,6,Alegre
4,11,7,7,Triste
4,11,7,8,Tranquilo
4,11,7,9,Triste
4,11,9,2,Asustado
4,11,9,3,Alegre
4,11,9,4,Poderoso
4,11,9,5,Poderoso
4,11,9,6,Poderoso
4,11,9,7,Tranquilo
4,11,9,8,Tranquilo
4,11,9,9,Alegre
4,11,9,10,Poderoso
4,11,9,11,Enojado
4,11,9,12,Tranquilo
4,11,9,13,Triste
4,11,9,14,Poderoso
4,11,9,15,Tranquilo
4,11,9,16,Asustado
4,11,11,2,Neutral
4,11,11,3,Neutral
4,11,11,4,Neutral
4,11,11,5,Poderoso
4,11,11,6,Asustado
4,11,11,7,Poderoso
4,11,11,8,Neutral
4,11,11,9,Alegre
4,11,11,11,Alegre
4,12,1,2,Enojado
4,12,1,3,Neutral
4,12,1,4,Enojado
4,12,1,6,Neutral
4,12,1,7,Neutral
4,12,1,8,Neutral
4,12,1,9,Neutral
4,12,1,10,Neutral
4,12,3,2,Poderoso
4,12,3,3,Alegre
4,12,3,4,Tranquilo
4,12,3,5,Poderoso
4,12,3,6,Asustado
4,12,3,7,Poderoso
4,12,3,8,Asustado
4,12,3,9,Poderoso
4,12,3,10,Asustado
4,12,3,11,Enojado
4,12,3,12,Tranquilo
4,12,3,13,Tranquilo
4,12,3,14,Tranquilo
4,12,3,15,Tranquilo
4,12,3,16,Asustado
4,12,3,17,Tranquilo
4,12,3,18,Enojado
4,12,3,19,Alegre
4,12,9,2,Alegre
4,12,9,3,Poderoso
4,12,9,5,Tranquilo
4,12,9,6,Triste
4,12,9,7,Asustado
4,13,1,2,Alegre
4,13,1,3,Asustado
4,13,1,4,Alegre
4,13,1,6,Alegre
4,13,1,7,Neutral
4,13,1,9,Alegre
4,13,1,10,Alegre
4,13,1,11,Alegre
4,13,1,12,Alegre
4,13,1,13,Alegre
4,13,1,14,Poderoso
4,13,1,16,Alegre
4,13,1,17,Neutral
4,13,1,18,Alegre
4,13,1,19,Poderoso
4,13,1,21,Neutral
4,13,2,2,Tranquilo
4,13,2,3,Tranquilo
4,13,2,4,Tranquilo
4,13,2,6,Alegre
4,13,2,7,Alegre
4,13,2,8,Asustado
4,13,2,9,Triste
4,13,2,10,Poderoso
4,13,2,11,Tranquilo
4,13,2,12,Alegre
4,13,2,13,Neutral
4,13,2,14,Enojado
4,13,2,15,Poderoso
4,13,2,16,Enojado
4,13,2,18,Poderoso
4,13,2,19,Poderoso
4,13,3,2,Neutral
4,13,3,3,Neutral
4,13,3,4,Tranquilo
4,13,3,5,Neutral
4,13,3,6,Alegre
4,13,3,7,Poderoso
4,13,3,8,Alegre
4,13,3,9,Tranquilo
4,13,3,10,Alegre
4,13,3,11,Enojado
4,13,3,12,Neutral
4,13,3,13,Neutral
4,13,3,14,Neutral
4,13,3,15,Neutral
4,13,3,16,Neutral
4,13,3,17,Neutral
4,13,3,18,Neutral
4,13,3,19,Asustado
4,13,3,20,Neutral
4,13,3,21,Neutral
4,13,3,22,Asustado
4,13,3,23,Triste
4,13,3,24,Neutral
4,13,3,25,Neutral
4,13,4,2,Poderoso
4,13,4,3,Asustado
4,13,4,4,Triste
4,13,4,5,Tranquilo
4,13,4,6,Neutral
4,13,4,7,Alegre
4,13,4,8,Tranquilo
4,13,4,9,Alegre
4,13,4,10,Tranquilo
4,13,4,11,Enojado
4,13,4,12,Tranquilo
4,13,4,13,Poderoso
4,13,4,14,Poderoso
4,13,4,15,Tranquilo
4,13,4,16,Enojado
4,13,4,17,Enojado
4,13,4,18,Tranquilo
4,13,4,19,Alegre
4,13,4,20,Tranquilo
4,13,4,21,Alegre
4,13,5,2,Asustado
4,13,5,3,Tranquilo
4,13,5,5,Alegre
4,13,5,6,Neutral
4,13,5,7,Neutral
4,13,5,8,Triste
4,13,5,9,Triste
4,13,5,11,Triste
4,13,5,12,Tranquilo
4,13,5,13,Tranquilo
4,13,5,14,Neutral
4,13,5,15,Poderoso
4,13,5,16,Tranquilo
4,13,5,18,Poderoso
4,13,5,19,Asustado
4,13,6,2,Alegre
4,13,6,3,Alegre
4,13,6,4,Alegre
4,13,6,5,Asustado
4,13,6,6,Tranquilo
4,13,6,7,Tranquilo
4,13,6,8,Poderoso
4,13,6,9,Alegre
4,13,6,10,Alegre
4,13,6,12,Alegre
4,13,6,14,Enojado
4,13,6,15,Poderoso
4,13,6,16,Enojado
4,13,6,17,Enojado
4,13,6,18,Enojado
4,13,6,19,Enojado
4,13,6,20,Enojado
4,13,6,21,Enojado
4,13,6,22,Enojado
4,13,6,23,Enojado
4,13,6,24,Enojado
4,13,6,25,Enojado
4,13,9,2,Tranquilo
4,13,9,3,Triste
4,13,9,4,Poderoso
4,13,9,5,Tranquilo
4,13,9,6,Alegre
4,13,9,7,Tranquilo
4,13,9,8,Asustado
4,13,9,9,Tranquilo
4,13,9,10,Tranquilo
4,13,9,11,Alegre
4,13,9,12,Asustado
4,13,9,13,Tranquilo
4,13,9,14,Asustado
4,13,9,15,Alegre
4,13,10,2,Alegre
4,13,10,3,Alegre
4,13,10,4,Alegre
4,13,10,5,Alegre
4,13,10,6,Tranquilo
4,13,10,7,Alegre
4,13,10,8,Poderoso
4,13,10,9,Tranquilo
4,13,10,10,Neutral
4,13,10,11,Alegre
4,13,10,12,Neutral
4,13,10,13,Poderoso
4,13,10,14,Alegre
4,13,10,15,Alegre
4,13,10,16,Neutral
4,13,10,17,Neutral
4,13,10,18,Alegre
4,13,10,19,Triste
4,13,10,20,Alegre
4,13,10,21,Poderoso
4,13,10,22,Alegre
4,13,10,23,Alegre
4,13,10,24,Neutral
4,13,10,25,Tranquilo
4,13,11,2,Alegre
4,13,11,3,Tranquilo
4,13,11,4,Triste
4,13,11,5,Triste
4,13,11,6,Neutral
4,13,11,7,Alegre
4,14,1,2,Neutral
4,14,1,3,Neutral
4,14,1,4,Neutral
4,14,1,5,Alegre
4,14,1,6,Alegre
4,14,1,7,Tranquilo
4,14,1,8,Neutral
4,14,1,9,Alegre
4,14,1,10,Alegre
4,14,1,11,Alegre
4,14,1,13,Alegre
4,14,1,14,Neutral
4,14,1,15,Poderoso
4,14,1,16,Neutral
4,14,1,17,Alegre
4,14,1,18,Alegre
4,14,1,19,Tranquilo
4,14,1,20,Tranquilo
4,14,1,21,Alegre
4,14,1,22,Neutral
4,14,1,23,Enojado
4,14,6,2,Alegre
4,14,6,3,Tranquilo
4,14,6,5,Alegre
4,14,6,6,Alegre
4,14,6,7,Poderoso
4,14,6,8,Neutral
4,14,6,9,Asustado
4,14,6,10,Alegre
4,14,6,11,Asustado
4,14,6,12,Enojado
4,14,6,13,Asustado
4,14,6,14,Poderoso
4,14,6,15,Alegre
4,14,6,16,Alegre
4,14,6,17,Poderoso
4,14,7,2,Neutral
4,14,7,3,Asustado
4,14,7,5,Asustado
4,14,7,6,Neutral
4,14,7,7,Alegre
4,14,7,9,Alegre
4,14,7,10,Alegre
4,14,7,11,Asustado
4,14,7,12,Neutral
4,14,7,13,Poderoso
4,14,7,14,Poderoso
4,14,7,15,Neutral
4,14,7,16,Neutral
4,14,7,17,Tranquilo
4,14,7,18,Enojado
4,14,7,19,Neutral
4,14,7,20,Asustado
4,14,7,21,Neutral
4,14,8,2,Asustado
4,14,8,3,Tranquilo
4,14,8,4,Enojado
4,14,8,5,Alegre
4,14,8,6,Enojado
4,14,8,7,Tranquilo
4,14,8,8,Enojado
4,14,8,9,Alegre
4,14,8,10,Alegre
4,14,8,11,Neutral
4,14,8,12,Tranquilo
4,14,8,13,Asustado
4,14,8,14,Poderoso
4,14,8,15,Neutral
4,14,8,16,Poderoso
4,14,8,17,Asustado
4,14,8,18,Tranquilo
4,14,8,19,Neutral
4,14,10,2,Alegre
4,14,10,3,Poderoso
4,14,10,4,Alegre
4,14,10,5,Poderoso
4,14,10,6,Poderoso
4,14,10,7,Poderoso
4,14,10,8,Tranquilo
4,14,10,9,Tranquilo
4,14,10,10,Poderoso
4,14,10,11,Poderoso
4,14,10,12,Poderoso
4,14,10,13,Poderoso
4,14,10,14,Asustado
4,14,10,15,Alegre
4,14,10,16,Poderoso
4,14,10,17,Poderoso
4,14,10,18,Neutral
4,14,10,19,Poderoso
4,14,10,20,Poderoso
4,14,10,21,Poderoso
4,14,10,22,Alegre
4,14,10,23,Poderoso
4,14,10,24,Alegre
4,14,10,25,Alegre
4,14,10,26,Alegre
4,14,11,2,Alegre
4,14,11,3,Neutral
4,14,11,4,Poderoso
4,14,11,5,Neutral
4,14,11,6,Poderoso
4,14,11,7,Neutral
4,14,11,8,Neutral
4,14,11,9,Neutral
4,15,1,2,Alegre
4,15,1,3,Neutral
4,15,1,4,Alegre
4,15,1,5,Neutral
4,15,1,6,Neutral
4,15,1,7,Neutral
4,15,1,8,Alegre
4,15,3,2,Asustado
4,15,3,3,Neutral
4,15,3,5,Asustado
4,15,3,6,Tranquilo
4,15,3,7,Tranquilo
4,15,3,8,Neutral
4,15,3,9,Alegre
4,15,3,10,Neutral
4,15,3,11,Neutral
4,15,3,12,Alegre
4,15,3,13,Alegre
4,15,3,14,Alegre
4,15,3,15,Alegre
4,15,3,16,Neutral
4,15,3,17,Alegre
4,15,3,18,Alegre
4,15,3,19,Neutral
4,15,3,20,Neutral
4,15,3,21,Neutral
4,15,3,22,Alegre
4,15,3,23,Alegre
4,15,3,24,Alegre
4,15,4,2,Alegre
4,15,4,3,Neutral
4,15,4,4,Alegre
4,15,4,5,Poderoso
4,15,4,6,Alegre
4,15,4,7,Tranquilo
4,15,4,8,Alegre
4,15,4,9,Triste
4,15,4,10,Triste
4,15,4,11,Triste
4,15,4,13,Tranquilo
4,15,4,14,Neutral
4,15,4,15,Neutral
4,15,4,16,Asustado
4,15,4,17,Neutral
4,15,5,2,Neutral
4,15,5,3,Alegre
4,15,5,4,Alegre
4,15,5,5,Neutral
4,15,5,6,Enojado
4,15,5,7,Neutral
4,15,5,8,Neutral
4,15,5,9,Asustado
4,15,5,10,Alegre
4,15,5,11,Asustado
4,15,7,2,Asustado
4,15,7,3,Poderoso
4,15,7,4,Tranquilo
4,15,7,5,Tranquilo
4,15,7,6,Tranquilo
4,15,7,7,Tranquilo
4,15,7,9,Neutral
4,15,7,11,Alegre
4,15,7,13,Neutral
4,15,7,14,Alegre
4,15,7,15,Alegre
4,15,7,16,Neutral
4,15,7,17,Poderoso
4,15,7,19,Tranquilo
4,15,7,20,Enojado
4,15,7,21,Tranquilo
4,15,7,23,Alegre
4,15,7,25,Enojado
4,15,7,27,Alegre
4,15,8,2,Alegre
4,15,8,3,Alegre
4,15,8,4,Alegre
4,15,8,5,Alegre
4,15,8,6,Neutral
4,15,8,7,Neutral
4,15,8,8,Asustado
4,15,8,9,Neutral
4,15,8,10,Poderoso
4,15,9,2,Asustado
4,15,9,3,Triste
4,15,9,4,Tranquilo
4,15,9,5,Asustado
4,15,9,6,Asustado
4,15,9,7,Neutral
4,15,9,8,Asustado
4,15,9,9,Neutral
4,15,9,10,Asustado
4,15,9,11,Neutral
4,15,9,12,Asustado
4,15,9,13,Neutral
4,15,9,14,Alegre
4,15,9,15,Enojado
4,15,11,2,Alegre
4,15,11,3,Alegre
4,15,11,4,Neutral
4,15,11,5,Alegre
4,15,11,7,Enojado
4,15,11,9,Alegre
4,15,11,11,Enojado
4,15,11,12,Enojado
4,15,11,13,Enojado
4,15,11,14,Neutral
4,15,11,15,Enojado
4,15,11,16,Asustado
4,15,11,18,Neutral
4,15,11,19,Neutral
4,15,11,20,Tranquilo
4,15,11,21,Asustado
4,15,12,2,Asustado
4,15,12,3,Alegre
4,15,12,4,Tranquilo
4,15,12,5,Enojado
4,15,12,6,Asustado
4,15,12,7,Alegre
4,15,12,8,Alegre
4,15,12,9,Alegre
4,15,12,10,Alegre
4,15,12,11,Alegre
4,15,12,12,Alegre
4,15,12,13,Alegre
4,15,12,14,Asustado
4,15,12,15,Alegre
4,15,12,16,Asustado
4,15,12,17,Alegre
4,15,13,2,Neutral
4,15,13,3,Asustado
4,15,13,4,Tranquilo
4,15,13,5,Asustado
4,15,13,6,Neutral
4,15,13,7,Poderoso
4,15,13,9,Asustado
4,15,13,10,Asustado
4,15,13,11,Triste
4,15,13,12,Poderoso
4,15,13,13,Triste
4,15,13,14,Neutral
4,16,1,2,Asustado
4,16,1,3,Alegre
4,16,1,4,Triste
4,16,1,5,Asustado
4,16,1,6,Tranquilo
4,16,1,8,Alegre
4,16,1,9,Alegre
4,16,1,11,Neutral
4,16,1,12,Tranquilo
4,16,1,13,Alegre
4,16,1,14,Alegre
4,16,1,15,Alegre
4,16,3,2,Poderoso
4,16,3,3,Poderoso
4,16,3,4,Poderoso
4,16,3,5,Poderoso
4,16,3,6,Poderoso
4,16,3,7,Tranquilo
4,16,3,8,Alegre
4,16,3,9,Tranquilo
4,16,3,10,Poderoso
4,16,3,11,Poderoso
4,16,3,12,Triste
4,16,3,13,Poderoso
4,16,3,14,Poderoso
4,16,3,15,Alegre
4,16,3,16,Tranquilo
4,16,3,17,Tranquilo
4,16,3,18,Poderoso
4,16,3,19,Asustado
4,16,3,20,Alegre
4,16,3,21,Asustado
4,16,7,2,Neutral
4,16,7,3,Neutral
4,16,7,4,Neutral
4,16,7,5,Neutral
4,16,7,6,Neutral
4,16,7,7,Neutral
4,16,7,8,Alegre
4,16,7,9,Neutral
4,16,7,10,Neutral
4,16,7,11,Neutral
4,17,1,2,Alegre
4,17,1,3,Poderoso
4,17,1,4,Alegre
4,17,1,5,Tranquilo
4,17,1,6,Triste
4,17,1,8,Enojado
4,17,1,9,Asustado
4,17,1,10,Poderoso
4,17,1,11,Neutral
4,17,1,12,Triste
4,17,1,13,Tranquilo
4,17,1,14,Alegre
4,17,1,15,Alegre
4,17,1,16,Neutral
4,17,1,17,Poderoso
4,17,1,18,Tranquilo
4,17,1,19,Neutral
4,17,2,2,Poderoso
4,17,2,3,Triste
4,17,2,4,Asustado
4,17,2,5,Triste
4,17,2,6,Tranquilo
4,17,2,7,Enojado
4,17,2,8,Poderoso
4,17,2,9,Triste
4,17,2,10,Asustado
4,17,2,11,Tranquilo
4,17,2,12,Poderoso
4,17,2,13,Alegre
4,17,2,14,Poderoso
4,17,2,15,Neutral
4,17,2,16,Poderoso
4,17,2,17,Tranquilo
4,17,2,18,Asustado
4,17,2,19,Tranquilo
4,17,2,20,Tranquilo
4,17,2,21,Asustado
4,17,2,22,Alegre
4,17,3,2,Neutral
4,17,3,3,Neutral
4,17,3,4,Asustado
4,17,3,5,Neutral
4,17,3,6,Asustado
4,17,3,7,Poderoso
4,17,3,8,Neutral
4,17,3,9,Tranquilo
4,17,3,10,Asustado
4,17,3,11,Tranquilo
4,17,3,12,Poderoso
4,17,3,13,Poderoso
4,17,3,14,Neutral
4,17,3,15,Poderoso
4,17,3,16,Tranquilo
4,17,3,17,Tranquilo
4,17,3,18,Neutral
4,17,3,19,Alegre
4,17,3,20,Tranquilo
4,17,3,21,Poderoso
4,17,3,22,Tranquilo
4,17,3,23,Poderoso
4,17,3,24,Tranquilo
4,17,3,25,Poderoso
4,17,4,2,Alegre
4,17,4,3,Alegre
4,17,4,4,Alegre
4,17,4,5,Alegre
4,17,4,7,Poderoso
4,17,4,8,Alegre
4,17,4,9,Poderoso
4,17,4,10,Neutral
4,17,4,11,Enojado
4,17,4,12,Alegre
4,17,4,13,Poderoso
4,17,4,14,Tranquilo
4,17,4,15,Alegre
4,17,4,16,Alegre
4,17,4,17,Neutral
4,17,5,2,Alegre
4,17,5,3,Alegre
4,17,5,4,Alegre
4,17,5,5,Neutral
4,17,5,6,Neutral
4,17,5,7,Alegre
4,17,5,8,Poderoso
4,17,5,9,Alegre
4,17,5,10,Alegre
4,17,5,11,Alegre
4,17,5,12,Poderoso
4,17,5,13,Neutral
4,17,5,14,Alegre
4,17,5,15,Neutral
4,17,5,16,Poderoso
4,17,5,17,Poderoso
4,17,5,18,Neutral
4,17,5,19,Tranquilo
4,17,5,20,Poderoso
4,17,5,21,Neutral
4,17,5,22,Neutral
4,17,5,23,Poderoso
4,17,5,24,Tranquilo
4,17,5,25,Poderoso
4,17,6,2,Neutral
4,17,6,3,Poderoso
4,17,6,4,Enojado
4,17,6,5,Tranquilo
4,17,6,6,Alegre
4,17,6,7,Alegre
4,17,6,8,Alegre
4,17,6,9,Neutral
4,17,6,10,Tranquilo
4,17,6,11,Poderoso
4,17,6,12,Poderoso
4,17,6,13,Neutral
4,17,8,2,Neutral
4,17,8,3,Poderoso
4,17,8,4,Poderoso
4,17,8,5,Tranquilo
4,17,8,6,Alegre
4,17,8,7,Neutral
4,17,8,8,Neutral
4,17,8,9,Neutral
4,17,8,10,Alegre
4,17,8,11,Poderoso
4,17,8,12,Asustado
4,17,8,13,Poderoso
4,17,8,14,Neutral
4,17,8,15,Asustado
4,17,8,16,Alegre
4,17,8,17,Poderoso
4,17,8,18,Asustado
4,17,8,19,Alegre
4,17,9,2,Neutral
4,17,9,3,Neutral
4,17,9,4,Poderoso
4,17,9,5,Tranquilo
4,17,9,6,Asustado
4,17,9,7,Asustado
4,17,9,8,Asustado
4,17,10,2,Alegre
4,17,10,3,Alegre
4,17,10,4,Tranquilo
4,17,10,5,Poderoso
4,17,10,6,Poderoso
4,17,10,7,Alegre
4,17,10,8,Triste
4,17,10,9,Alegre
4,17,10,10,Asustado
4,17,10,11,Enojado
4,17,10,12,Neutral
4,17,10,13,Triste
4,17,10,14,Alegre
4,17,10,15,Triste
4,17,10,16,Neutral
4,17,10,17,Tranquilo
4,17,10,18,Asustado
4,17,10,19,Enojado
4,17,10,20,Tranquilo
4,17,10,21,Neutral
4,17,10,22,Asustado
4,17,10,23,Neutral
4,17,10,25,Neutral
4,17,11,2,Alegre
4,17,11,3,Alegre
4,17,11,4,Neutral
4,17,11,5,Alegre
4,17,11,6,Alegre
4,17,11,7,Tranquilo
4,17,11,8,Alegre
4,17,11,9,Tranquilo
4,17,11,10,Poderoso
4,17,11,11,Alegre
4,17,11,12,Neutral
4,17,11,13,Alegre
4,17,11,14,Asustado
4,17,11,15,Neutral
4,17,11,17,Neutral
4,17,11,18,Neutral
4,17,11,19,Alegre
4,17,11,21,Enojado
4,17,11,22,Tranquilo
4,17,11,23,Neutral
4,17,11,24,Neutral
4,17,11,25,Neutral
4,17,11,26,Alegre
4,17,11,27,Alegre
4,17,12,2,Neutral
4,17,12,3,Enojado
4,17,12,4,Asustado
4,17,12,6,Asustado
4,17,12,7,Asustado
4,17,12,8,Asustado
4,17,12,9,Alegre
4,17,12,10,Asustado
4,17,12,11,Triste
4,17,12,12,Asustado
4,17,12,14,Asustado
4,17,12,15,Alegre
4,17,12,16,Triste
4,17,12,17,Alegre
4,17,12,18,Alegre
4,17,12,19,Alegre
4,17,13,2,Neutral
4,17,13,3,Neutral
4,17,13,4,Poderoso
4,17,13,5,Enojado
4,17,13,6,Tranquilo
4,17,13,7,Asustado
4,17,13,8,Tranquilo
4,17,13,9,Poderoso
4,17,13,11,Tranquilo
4,17,13,12,Alegre
4,17,13,13,Alegre
4,17,13,14,Neutral
4,17,13,16,Alegre
4,17,13,17,Alegre
4,17,13,18,Neutral
4,17,13,20,Alegre
4,17,13,21,Neutral
4,17,13,23,Alegre
4,17,13,24,Alegre
4,17,13,25,Alegre
4,18,1,2,Alegre
4,18,1,3,Tranquilo
4,18,1,4,Neutral
4,18,1,5,Neutral
4,18,1,6,Alegre
4,18,1,7,Alegre
4,18,1,8,Alegre
4,18,1,9,Alegre
4,18,1,10,Alegre
4,18,1,11,Tranquilo
4,18,1,12,Triste
4,18,1,13,Alegre
4,18,1,14,Triste
4,18,1,15,Alegre
4,18,1,16,Alegre
4,18,1,17,Alegre
4,18,2,2,Enojado
4,18,2,3,Poderoso
4,18,2,4,Alegre
4,18,2,5,Asustado
4,18,2,6,Neutral
4,18,2,8,Triste
4,18,2,9,Tranquilo
4,18,2,10,Poderoso
4,18,2,11,Asustado
4,18,2,12,Poderoso
4,18,2,13,Alegre
4,18,2,14,Alegre
4,18,2,15,Poderoso
4,18,2,16,Alegre
4,18,2,17,Alegre
4,18,2,18,Alegre
4,18,2,19,Asustado
4,18,2,20,Tranquilo
4,18,2,22,Poderoso
4,18,2,23,Poderoso
4,18,2,24,Poderoso
4,18,2,25,Poderoso
4,18,3,2,Neutral
4,18,3,3,Neutral
4,18,3,4,Neutral
4,18,3,5,Asustado
4,18,3,6,Poderoso
4,18,3,7,Alegre
4,18,3,8,Asustado
4,18,3,9,Poderoso
4,18,3,10,Alegre
4,18,3,11,Alegre
4,18,3,12,Alegre
4,18,3,13,Alegre
4,18,3,14,Alegre
4,18,3,15,Poderoso
4,18,4,2,Alegre
4,18,4,3,Asustado
4,18,4,4,Alegre
4,18,4,5,Neutral
4,18,4,6,Alegre
4,18,4,7,Neutral
4,18,4,8,Neutral
4,18,4,9,Alegre
4,18,4,10,Enojado
4,18,7,2,Neutral
4,18,7,3,Enojado
4,18,7,4,Triste
4,18,7,5,Poderoso
4,18,7,6,Neutral
4,18,7,7,Alegre
4,18,7,8,Poderoso
4,18,7,9,Asustado
4,18,7,10,Tranquilo
4,18,7,11,Poderoso
4,18,7,12,Enojado
4,18,7,13,Tranquilo
4,18,7,14,Enojado
4,18,7,15,Alegre
4,18,7,16,Alegre
4,18,7,17,Asustado
4,18,7,18,Alegre
4,18,8,2,Asustado
4,18,8,3,Alegre
4,18,8,4,Tranquilo
4,18,8,5,Poderoso
4,18,8,6,Neutral
4,18,8,7,Poderoso
4,18,8,9,Tranquilo
4,18,8,10,Asustado
4,18,8,11,Alegre
4,18,8,12,Neutral
4,18,8,14,Alegre
4,18,8,15,Poderoso
4,18,8,16,Alegre
4,18,8,17,Neutral
4,18,8,18,Alegre
4,18,8,19,Triste
4,18,8,20,Neutral
4,18,8,21,Asustado
4,18,8,22,Alegre
4,18,8,24,Asustado
4,18,8,25,Poderoso
4,18,8,26,Alegre
4,18,8,28,Tranquilo
4,18,9,2,Tranquilo
4,18,9,3,Alegre
4,18,9,4,Tranquilo
4,18,9,5,Tranquilo
4,18,9,6,Poderoso
4,18,9,7,Asustado
4,18,9,8,Poderoso
4,18,9,9,Alegre
4,18,9,10,Alegre
4,18,9,11,Tranquilo
4,18,9,12,Triste
4,18,9,13,Tranquilo
4,18,9,14,Triste
4,18,9,15,Tranquilo
4,18,9,16,Neutral
4,18,9,17,Tranquilo
4,18,10,2,Triste
4,18,10,3,Asustado
4,18,10,4,Triste
4,18,10,5,Asustado
4,18,10,6,Enojado
4,18,10,7,Neutral
4,18,10,8,Neutral
4,18,10,9,Neutral
4,18,10,10,Tranquilo
4,18,10,11,Poderoso
4,18,10,12,Neutral
4,18,10,13,Alegre
4,18,10,14,Neutral
4,18,10,15,Neutral
4,18,10,16,Neutral
4,18,10,17,Neutral
4,18,12,2,Poderoso
4,18,12,3,Asustado
4,18,12,4,Asustado
4,18,12,5,Poderoso
4,18,12,6,Poderoso
4,18,12,7,Alegre
4,18,12,8,Asustado
4,18,12,9,Poderoso
4,18,12,10,Poderoso
4,18,12,11,Asustado
4,18,12,12,Poderoso
4,18,12,13,Alegre
4,18,12,14,Alegre
4,18,12,16,Tranquilo
4,18,12,17,Triste
4,18,12,18,Triste
4,18,12,19,Tranquilo
4,18,12,20,Poderoso
4,18,12,21,Alegre
4,18,12,22,Neutral
4,18,12,24,Poderoso
4,18,12,25,Poderoso
4,18,13,2,Tranquilo
4,18,13,3,Neutral
4,18,13,5,Neutral
4,18,13,7,Alegre
4,18,13,8,Tranquilo
4,18,13,9,Tranquilo
4,18,13,10,Poderoso
4,18,13,11,Alegre
4,18,13,13,Alegre
4,19,1,2,Alegre
4,19,1,3,Poderoso
4,19,1,4,Alegre
4,19,1,6,Alegre
4,19,1,7,Asustado
4,19,1,8,Enojado
4,19,1,9,Tranquilo
4,19,1,10,Enojado
4,19,1,11,Asustado
4,19,1,12,Triste
4,19,1,13,Neutral
4,19,1,14,Poderoso
4,19,1,15,Enojado
4,19,2,2,Alegre
4,19,2,4,Alegre
4,19,2,5,Alegre
4,19,2,6,Asustado
4,19,2,7,Alegre
4,19,2,8,Alegre
4,19,2,9,Alegre
4,19,2,10,Asustado
4,19,2,12,Triste
4,19,2,13,Triste
4,19,2,14,Triste
4,19,2,15,Tranquilo
4,19,2,16,Triste
4,19,2,17,Triste
4,19,2,18,Triste
4,19,2,19,Triste
4,19,2,20,Asustado
4,19,2,21,Triste
4,19,2,22,Alegre
4,19,2,23,Triste
4,19,8,2,Alegre
4,19,8,4,Alegre
4,19,8,5,Alegre
4,19,8,6,Alegre
4,19,8,7,Alegre
4,19,8,8,Alegre
4,19,8,9,Alegre
4,19,8,10,Alegre
4,20,4,2,Alegre
4,20,4,3,Triste
4,20,4,4,Alegre
4,20,4,5,Asustado
4,20,4,6,Neutral
4,20,4,7,Neutral
4,20,4,8,Alegre
4,20,4,9,Poderoso
4,20,4,11,Tranquilo
4,20,4,12,Poderoso
4,20,4,13,Neutral
4,20,4,14,Neutral
4,20,4,15,Tranquilo
4,20,4,16,Alegre
4,20,4,17,Neutral
4,20,6,2,Poderoso
4,20,6,4,Alegre
4,20,6,5,Alegre
4,20,6,6,Asustado
4,20,6,7,Neutral
4,20,6,8,Asustado
4,20,6,9,Enojado
4,20,6,10,Asustado
4,20,6,11,Tranquilo
4,20,6,12,Tranquilo
4,20,8,2,Neutral
4,20,8,3,Neutral
4,20,8,4,Tranquilo
4,20,8,5,Tranquilo
4,20,8,6,Poderoso
4,20,8,7,Tranquilo
4,20,8,8,Poderoso
4,20,8,9,Poderoso
4,20,8,10,Tranquilo
4,20,8,11,Asustado
4,20,8,12,Tranquilo
4,20,8,13,Enojado
4,20,8,14,Asustado
4,20,8,15,Alegre
4,20,8,16,Poderoso
4,20,8,17,Alegre
4,20,8,18,Poderoso
4,20,8,19,Enojado
4,20,9,2,Tranquilo
4,20,9,3,Alegre
4,20,9,4,Poderoso
4,20,9,5,Neutral
4,20,9,6,Poderoso
4,20,9,8,Poderoso
4,20,9,9,Tranquilo
4,20,9,11,Neutral
4,20,9,12,Tranquilo
4,20,9,13,Tranquilo
4,20,9,14,Tranquilo
4,20,9,15,Tranquilo
4,20,9,16,Tranquilo
4,20,9,17,Tranquilo
4,20,9,19,Tranquilo
4,20,9,20,Alegre
4,20,9,21,Tranquilo
4,20,9,22,Triste
4,20,10,2,Neutral
4,20,10,3,Neutral
4,20,10,4,Neutral
4,20,10,6,Alegre
4,20,10,7,Alegre
4,20,10,8,Alegre
4,20,10,9,Neutral
4,20,10,10,Neutral
4,20,10,11,Neutral
4,20,10,12,Neutral
4,20,10,13,Triste
4,20,10,14,Neutral
4,20,10,15,Triste
4,20,10,16,Triste
4,20,10,17,Neutral
4,20,10,18,Tranquilo
4,20,10,19,Neutral
4,20,10,20,Neutral
4,20,10,21,Neutral
4,20,10,22,Neutral
4,20,10,23,Neutral
4,20,10,24,Neutral
4,20,10,26,Alegre
4,20,10,27,Alegre
4,20,11,2,Tranquilo
4,20,11,3,Poderoso
4,20,11,4,Triste
4,20,11,6,Poderoso
4,20,11,7,Poderoso
4,20,11,8,Poderoso
4,20,11,9,Poderoso
4,20,11,10,Poderoso
4,20,11,11,Tranquilo
4,20,11,12,Tranquilo
4,20,11,13,Alegre
4,20,11,14,Poderoso
4,20,11,15,Neutral
4,20,11,16,Triste
4,20,11,17,Tranquilo
4,20,11,19,Poderoso
4,20,11,20,Tranquilo
4,20,11,21,Tranquilo
4,20,11,22,Tranquilo
4,20,11,23,Tranquilo
4,20,11,24,Tranquilo
4,20,11,25,Alegre
4,21,2,2,Asustado
4,21,2,3,Asustado
4,21,2,4,Alegre
4,21,2,5,Tranquilo
4,21,2,6,Poderoso
4,21,2,7,Tranquilo
4,21,2,8,Asustado
4,21,2,9,Tranquilo
4,21,2,10,Poderoso
4,21,2,11,Tranquilo
4,21,2,12,Triste
4,21,2,13,Tranquilo
4,21,2,14,Enojado
4,21,2,15,Tranquilo
4,21,3,2,Enojado
4,21,3,4,Tranquilo
4,21,3,5,Asustado
4,21,3,6,Enojado
4,21,3,8,Poderoso
4,21,3,9,Tranquilo
4,21,3,10,Neutral
4,21,4,2,Tranquilo
4,21,4,3,Neutral
4,21,4,4,Poderoso
4,21,4,5,Tranquilo
4,21,4,6,Poderoso
4,21,4,7,Poderoso
4,21,4,8,Poderoso
4,21,5,2,Poderoso
4,21,5,3,Neutral
4,21,5,4,Neutral
4,21,5,5,Alegre
4,21,5,7,Neutral
4,21,6,2,Neutral
4,21,6,3,Neutral
4,21,6,4,Neutral
4,21,6,5,Asustado
4,21,6,6,Neutral
4,21,6,7,Alegre
4,21,6,8,Asustado
4,21,6,10,Alegre
4,21,7,2,Enojado
4,21,7,4,Alegre
4,21,7,5,Alegre
4,21,7,6,Poderoso
4,21,7,8,Tranquilo
4,21,8,2,Enojado
4,21,8,3,Triste
4,21,8,4,Enojado
4,21,8,5,Enojado
4,21,8,7,Enojado
4,21,8,9,Enojado
4,21,8,10,Enojado
4,21,8,11,Enojado
4,21,8,12,Enojado
4,21,8,13,Enojado
4,21,9,2,Poderoso
4,21,9,3,Triste
4,21,9,4,Tranquilo
4,21,9,5,Asustado
4,21,9,6,Asustado
4,21,9,7,Enojado
4,21,9,8,Poderoso
4,21,9,9,Tranquilo
4,21,9,10,Asustado
4,21,9,11,Poderoso
4,21,9,12,Triste
4,21,10,2,Asustado
4,21,10,3,Tranquilo
4,21,10,4,Alegre
4,21,10,5,Asustado
4,21,10,7,Alegre
4,21,10,8,Asustado
4,21,10,9,Alegre
4,21,10,10,Asustado
4,21,10,11,Tranquilo
4,21,10,12,Poderoso
4,21,10,14,Asustado
4,21,11,2,Enojado
4,21,11,3,Enojado
4,21,11,4,Enojado
4,21,11,5,Poderoso
4,21,11,6,Neutral
4,21,11,8,Asustado
4,21,11,10,Neutral
4,21,11,11,Neutral
4,21,11,13,Neutral
4,21,11,15,Enojado
4,21,11,16,Asustado
4,21,11,18,Enojado
4,21,11,19,Neutral
4,21,11,20,Neutral
4,21,11,22,Tranquilo
4,21,11,24,Neutral
4,21,11,25,Asustado
4,21,11,27,Neutral
4,21,11,28,Neutral
4,21,11,30,Neutral
4,21,14,2,Alegre
4,21,14,3,Neutral
4,21,14,4,Neutral
4,21,14,5,Neutral
4,21,14,6,Neutral
4,21,14,7,Alegre
4,21,14,8,Alegre
4,21,16,2,Neutral
4,21,16,3,Alegre
4,21,16,4,Poderoso
4,21,16,5,Neutral
4,21,16,6,Alegre
4,21,16,7,Alegre
4,21,16,8,Alegre
4,21,16,9,Alegre
4,21,16,11,Asustado
4,21,16,12,Asustado
4,21,16,13,Alegre
4,21,21,2,Alegre
4,21,21,4,Asustado
4,21,21,5,Triste
4,21,21,6,Tranquilo
4,21,21,7,Triste
4,21,21,8,Triste
4,21,21,9,Asustado
4,21,21,10,Asustado
4,21,21,12,Asustado
4,21,22,2,Enojado
4,21,22,3,Neutral
4,21,22,4,Neutral
4,21,22,5,Asustado
4,21,22,7,Triste
4,21,25,2,Enojado
4,21,25,3,Asustado
4,21,25,4,Asustado
4,21,25,5,Enojado
4,21,25,7,Asustado
4,21,25,8,Asustado
4,21,25,9,Enojado
4,21,25,10,Neutral
4,21,29,2,Alegre
4,21,29,3,Alegre
4,21,29,4,Alegre
4,21,29,5,Alegre
4,21,29,6,Alegre
4,21,29,7,Alegre
4,22,1,2,Enojado
4,22,1,3,Enojado
4,22,1,4,Enojado
4,22,1,5,Alegre
4,22,1,6,Alegre
4,22,1,7,Alegre
4,22,1,8,Neutral
4,22,2,2,Alegre
4,22,2,3,Neutral
4,22,2,4,Alegre
4,22,2,5,Tranquilo
4,22,2,6,Alegre
4,22,2,7,Neutral
4,22,2,8,Tranquilo
4,22,2,9,Asustado
4,22,2,10,Neutral
4,22,2,11,Alegre
4,22,2,12,Poderoso
4,22,2,13,Triste
4,22,2,14,Neutral
4,22,2,15,Poderoso
4,22,2,16,Tranquilo
4,22,2,17,Asustado
4,22,2,18,Enojado
4,22,2,19,Neutral
4,22,2,20,Enojado
4,22,2,21,Enojado
4,22,2,22,Asustado
4,22,2,23,Neutral
4,22,2,24,Alegre
4,22,4,2,Alegre
4,22,4,3,Alegre
4,22,4,4,Neutral
4,22,4,5,Neutral
4,22,4,6,Alegre
4,22,4,7,Neutral
4,22,4,8,Neutral
4,22,4,9,Poderoso
4,22,4,10,Alegre
4,22,4,11,Poderoso
4,22,4,12,Poderoso
4,22,4,13,Enojado
4,22,4,14,Neutral
4,22,4,15,Neutral
4,22,4,16,Neutral
4,22,4,17,Neutral
4,22,4,18,Alegre
4,22,4,19,Neutral
4,22,4,20,Poderoso
4,22,5,2,Alegre
4,22,5,3,Poderoso
4,22,5,4,Alegre
4,22,5,5,Alegre
4,22,5,6,Alegre
4,22,5,7,Triste
4,22,5,8,Triste
4,22,5,9,Asustado
4,22,5,10,Alegre
4,22,5,11,Poderoso
4,22,5,12,Alegre
4,22,9,2,Enojado
4,22,9,3,Asustado
4,22,9,4,Asustado
4,22,9,5,Enojado
4,22,9,6,Asustado
4,22,9,7,Enojado
4,22,9,8,Neutral
4,22,10,2,Neutral
4,22,10,3,Alegre
4,22,10,4,Alegre
4,22,10,5,Triste
4,22,10,6,Asustado
4,22,10,7,Asustado
4,22,10,8,Asustado
4,22,10,9,Alegre
4,22,10,10,Alegre
4,22,10,11,Alegre
4,22,10,12,Alegre
4,22,10,13,Alegre
4,22,10,14,Neutral
4,22,10,15,Tranquilo
4,22,10,16,Triste
4,22,10,17,Triste
4,22,10,18,Triste
4,22,10,19,Tranquilo
4,22,11,2,Enojado
4,22,11,3,Alegre
4,22,11,4,Alegre
4,22,11,5,Neutral
4,22,11,6,Alegre
4,22,11,7,Asustado
4,22,11,8,Alegre
4,22,11,9,Tranquilo
4,22,11,10,Poderoso
4,22,11,11,Poderoso
4,22,11,12,Poderoso
4,22,11,13,Poderoso
4,22,11,14,Alegre
4,22,11,15,Asustado
4,22,11,16,Asustado
4,22,11,17,Asustado
4,22,11,18,Asustado
4,22,11,19,Enojado
4,22,11,20,Alegre
4,22,11,21,Tranquilo
4,22,11,22,Alegre
4,22,11,23,Asustado
4,22,11,24,Triste
4,22,11,25,Poderoso
4,22,11,26,Alegre
4,22,12,2,Tranquilo
4,22,12,3,Poderoso
4,22,12,4,Poderoso
4,22,12,5,Poderoso
4,22,12,6,Alegre
4,22,12,7,Neutral
4,22,12,8,Poderoso
4,22,12,9,Neutral
4,22,12,10,Neutral
4,22,12,11,Poderoso
4,22,12,12,Poderoso
4,22,12,13,Poderoso
4,22,12,14,Alegre
4,22,12,15,Alegre
4,22,12,16,Tranquilo
4,22,12,17,Asustado
4,22,12,18,Alegre
4,22,12,19,Alegre
4,22,13,2,Alegre
4,22,13,3,Asustado
4,22,13,5,Asustado
4,22,13,6,Tranquilo
4,22,13,7,Neutral
4,22,13,8,Asustado
4,22,13,9,Tranquilo
4,22,13,10,Enojado
4,22,13,11,Tranquilo
4,22,13,12,Enojado
4,22,13,13,Neutral
4,22,13,14,Enojado
4,22,13,15,Poderoso
4,22,13,16,Alegre
4,22,16,2,Asustado
4,22,16,3,Poderoso
4,22,16,4,Enojado
4,22,16,5,Poderoso
4,22,16,6,Tranquilo
4,22,16,8,Triste
4,22,16,9,Poderoso
4,22,16,10,Poderoso
4,22,16,11,Asustado
4,22,16,12,Poderoso
4,22,16,13,Alegre
4,22,16,14,Triste
4,22,16,15,Poderoso
4,22,16,16,Asustado
4,22,16,17,Tranquilo
4,22,16,18,Alegre
4,22,16,19,Tranquilo
4,22,16,20,Poderoso
4,22,16,21,Asustado
4,22,16,22,Asustado
4,22,16,23,Poderoso
4,22,16,24,Alegre
4,22,16,25,Alegre
4,22,16,26,Alegre
4,22,16,27,Triste
4,23,1,2,Alegre
4,23,1,3,Tranquilo
4,23,1,4,Poderoso
4,23,1,5,Tranquilo
4,23,1,6,Neutral
4,23,1,7,Neutral
4,23,1,9,Alegre
4,23,1,10,Tranquilo
4,23,1,11,Tranquilo
4,23,1,12,Alegre
4,23,1,13,Alegre
4,23,1,14,Tranquilo
4,23,1,15,Tranquilo
4,23,1,16,Neutral
4,23,1,17,Neutral
4,23,1,19,Triste
4,23,1,20,Tranquilo
4,23,1,21,Poderoso
4,23,1,23,Poderoso
4,23,1,24,Neutral
4,23,3,2,Enojado
4,23,3,3,Enojado
4,23,3,4,Neutral
4,23,3,5,Enojado
4,23,3,6,Alegre
4,23,3,7,Enojado
4,23,3,8,Neutral
4,23,3,9,Enojado
4,23,3,10,Enojado
4,23,4,2,Asustado
4,23,4,3,Poderoso
4,23,4,4,Tranquilo
4,23,4,5,Asustado
4,23,4,6,Asustado
4,23,4,7,Triste
4,23,4,8,Alegre
4,23,4,9,Tranquilo
4,23,4,10,Asustado
4,23,4,11,Tranquilo
4,23,4,12,Poderoso
4,23,4,13,Alegre
4,23,4,14,Alegre
4,23,4,15,Alegre
4,23,4,16,Alegre
4,23,4,18,Poderoso
4,23,4,19,Tranquilo
4,23,4,20,Poderoso
4,23,4,21,Tranquilo
4,23,4,22,Poderoso
4,23,4,23,Asustado
4,23,4,24,Alegre
4,23,6,2,Alegre
4,23,6,3,Alegre
4,23,6,4,Neutral
4,23,6,5,Enojado
4,23,6,6,Enojado
4,23,7,2,Alegre
4,23,7,4,Enojado
4,23,7,5,Neutral
4,23,7,6,Enojado
4,23,7,7,Alegre
4,23,7,8,Alegre
4,23,7,9,Alegre
4,23,7,11,Asustado
4,23,8,2,Asustado
4,23,8,3,Asustado
4,23,8,4,Poderoso
4,23,8,5,Poderoso
4,23,8,6,Alegre
4,23,8,7,Poderoso
4,23,8,8,Poderoso
4,23,8,9,Poderoso
4,23,8,10,Asustado
4,23,8,11,Asustado
4,23,8,12,Neutral
4,23,8,13,Asustado
4,23,8,14,Tranquilo
4,23,8,15,Enojado
4,23,8,16,Asustado
4,23,8,17,Enojado
4,23,8,18,Tranquilo
4,23,8,19,Asustado
4,23,8,20,Poderoso
4,23,8,21,Asustado
4,23,8,22,Asustado
4,23,8,23,Enojado
4,23,8,24,Poderoso
4,23,8,26,Asustado
4,23,8,27,Poderoso
4,23,9,2,Neutral
4,23,9,3,Neutral
4,23,9,4,Alegre
4,23,9,5,Asustado
4,23,9,6,Poderoso
4,23,9,7,Poderoso
4,23,9,8,Alegre
4,23,9,9,Enojado
4,23,9,10,Asustado
4,23,9,11,Enojado
4,23,9,12,Tranquilo
4,23,9,13,Enojado
4,23,9,14,Poderoso
4,23,9,15,Poderoso
4,23,9,16,Alegre
4,23,9,17,Enojado
4,23,9,19,Triste
4,23,10,2,Neutral
4,23,10,3,Alegre
4,23,10,4,Triste
4,23,10,5,Neutral
4,23,10,6,Triste
4,23,10,7,Neutral
4,23,10,8,Asustado
4,23,10,9,Enojado
4,23,10,10,Alegre
4,23,10,11,Asustado
4,23,10,12,Asustado
4,23,10,13,Asustado
4,23,10,14,Enojado
4,23,10,15,Alegre
4,23,10,16,Asustado
4,23,10,17,Alegre
4,23,10,18,Enojado
4,23,10,19,Asustado
4,23,13,2,Alegre
4,23,13,3,Alegre
4,23,13,4,Triste
4,23,13,6,Neutral
4,23,13,8,Neutral
4,23,13,9,Alegre
4,23,13,10,Alegre
4,23,13,11,Poderoso
4,23,13,12,Tranquilo
4,23,13,13,Triste
4,23,13,14,Triste
4,23,13,15,Neutral
4,23,13,16,Triste
4,23,13,17,Poderoso
4,23,13,18,Triste
4,23,13,19,Triste
4,23,13,20,Poderoso
4,23,13,22,Tranquilo
4,23,13,23,Neutral
4,23,13,24,Alegre
4,23,13,25,Alegre
4,23,13,26,Triste
4,23,13,27,Poderoso
4,23,14,2,Enojado
4,23,14,3,Neutral
4,23,14,4,Enojado
4,23,14,6,Poderoso
4,23,14,7,Alegre
4,23,14,8,Poderoso
4,23,14,9,Tranquilo
4,23,14,10,Alegre
4,23,14,11,Asustado
4,23,14,12,Alegre
4,23,14,13,Triste
4,23,15,2,Neutral
4,23,15,3,Alegre
4,23,15,4,Poderoso
4,23,15,5,Tranquilo
4,23,15,6,Alegre
4,23,15,7,Tranquilo
4,23,15,8,Tranquilo
4,23,15,9,Asustado
4,23,15,10,Tranquilo
4,23,15,11,Asustado
4,23,15,12,Tranquilo
4,23,15,13,Alegre
4,23,15,14,Asustado
4,23,15,15,Poderoso
4,23,15,16,Poderoso
4,23,15,17,Alegre
4,24,1,2,Neutral
4,24,1,3,Neutral
4,24,1,4,Tranquilo
4,24,1,5,Poderoso
4,24,1,6,Tranquilo
4,24,1,8,Asustado
4,24,1,9,Neutral
4,24,1,10,Neutral
4,24,1,11,Triste
4,24,1,12,Asustado
4,24,1,13,Neutral
4,24,1,14,Enojado
4,24,1,15,Asustado
4,24,1,16,Poderoso
4,24,2,2,Neutral
4,24,2,3,Alegre
4,24,2,4,Triste
4,24,2,5,Asustado
4,24,2,6,Tranquilo
4,24,2,7,Tranquilo
4,24,2,8,Asustado
4,24,2,9,Tranquilo
4,24,2,10,Alegre
4,24,2,11,Triste
4,24,2,12,Alegre
4,24,2,13,Tranquilo
4,24,2,14,Alegre
4,24,2,15,Alegre
4,24,2,16,Alegre
4,24,2,17,Asustado
4,24,2,18,Alegre
4,24,2,19,Alegre
4,24,3,2,Tranquilo
4,24,3,3,Tranquilo
4,24,3,4,Neutral
4,24,3,5,Tranquilo
4,24,3,6,Tranquilo
4,24,3,7,Asustado
4,24,3,9,Enojado
4,24,3,10,Asustado
4,24,3,11,Poderoso
4,24,3,12,Tranquilo
4,24,3,13,Enojado
4,24,3,14,Tranquilo
4,24,3,15,Asustado
4,24,3,16,Tranquilo
4,24,3,17,Triste
4,24,4,2,Tranquilo
4,24,4,3,Alegre
4,24,4,4,Asustado
4,24,4,5,Neutral
4,24,4,6,Alegre
4,24,4,7,Neutral
4,24,4,8,Alegre
4,24,4,9,Neutral
4,24,4,10,Triste
4,24,4,11,Alegre
4,24,4,12,Tranquilo
4,24,4,13,Neutral
4,24,4,14,Asustado
4,24,4,15,Neutral
4,24,4,16,Asustado
4,24,4,17,Poderoso
4,24,4,18,Asustado
4,24,5,2,Poderoso
4,24,5,3,Neutral
4,24,5,4,Enojado
4,24,5,5,Enojado
4,24,5,6,Poderoso
4,24,7,2,Alegre
4,24,7,3,Tranquilo
4,24,7,4,Tranquilo
4,24,7,5,Alegre
4,24,7,6,Tranquilo
4,24,7,7,Asustado
4,24,7,8,Asustado
4,24,7,9,Poderoso
4,24,7,10,Tranquilo
4,24,7,11,Alegre
4,24,7,12,Asustado
4,24,7,13,Triste
4,24,7,14,Enojado
4,24,7,15,Alegre
4,24,7,16,Asustado
4,24,7,18,Alegre
4,24,7,19,Alegre
4,24,8,2,Alegre
4,24,8,3,Alegre
4,24,8,4,Poderoso
4,24,8,5,Alegre
4,24,8,6,Alegre
4,24,8,7,Tranquilo
4,24,8,8,Poderoso
4,24,8,9,Asustado
4,24,8,11,Enojado
4,24,8,12,Alegre
4,24,8,13,Poderoso
4,24,8,15,Poderoso
4,24,8,16,Enojado
4,24,8,17,Poderoso
4,24,8,18,Triste
4,24,8,19,Poderoso
4,24,8,20,Tranquilo
4,24,9,2,Neutral
4,24,9,3,Neutral
4,24,9,4,Neutral
4,24,9,5,Neutral
4,24,9,6,Poderoso
4,24,9,7,Neutral
4,24,9,8,Asustado
4,24,9,9,Neutral
4,24,9,10,Neutral
4,24,9,11,Neutral
4,24,9,12,Poderoso
4,24,10,2,Alegre
4,24,10,3,Neutral
4,24,10,4,Alegre
4,24,10,5,Alegre
4,24,10,6,Alegre
4,24,10,7,Asustado
4,24,11,2,Neutral
4,24,11,3,Poderoso
4,24,11,4,Tranquilo
4,24,11,5,Neutral
4,24,11,6,Triste
4,24,12,2,Asustado
4,24,12,3,Asustado
4,24,12,4,Asustado
4,24,12,5,Asustado
4,24,12,6,Asustado
4,24,12,7,Asustado
4,24,12,8,Alegre
4,24,12,9,Asustado
4,24,12,10,Asustado
4,24,13,2,Tranquilo
4,24,13,3,Alegre
4,24,13,4,Tranquilo
4,24,13,5,Enojado
4,24,13,6,Asustado
4,24,13,7,Enojado
4,24,13,8,Alegre
4,24,13,9,Enojado
4,24,13,10,Alegre
4,24,13,11,Alegre
4,24,13,12,Poderoso
4,24,13,13,Tranquilo
4,24,13,14,Tranquilo
4,24,13,15,Poderoso
4,24,13,16,Poderoso
4,24,13,17,Alegre
4,24,14,2,Poderoso
4,24,14,3,Enojado
4,24,14,4,Enojado
4,24,14,5,Tranquilo
4,24,14,6,Asustado
4,24,14,7,Neutral
4,24,14,8,Tranquilo
4,24,14,9,Enojado
4,24,14,10,Poderoso
4,24,14,11,Neutral
4,24,15,2,Neutral
4,24,15,4,Neutral
4,24,15,5,Neutral
4,24,15,6,Neutral
4,24,15,7,Enojado
4,24,15,8,Asustado
4,24,15,9,Asustado
4,24,15,10,Asustado
4,24,15,11,Poderoso
4,24,15,12,Asustado
4,24,15,13,Tranquilo
4,24,16,2,Alegre
4,24,16,3,Poderoso
4,24,16,4,Tranquilo
4,24,16,5,Alegre
4,24,16,6,Enojado
4,24,16,7,Asustado
4,24,16,8,Poderoso
4,24,16,9,Neutral
4,24,16,11,Asustado
4,24,16,12,Alegre
4,24,16,13,Asustado
4,24,17,2,Tranquilo
4,24,17,3,Tranquilo
4,24,17,4,Tranquilo
4,24,17,5,Tranquilo
4,24,17,6,Tranquilo
4,24,17,7,Tranquilo
4,24,17,8,Tranquilo
4,24,17,9,Tranquilo
4,24,17,11,Tranquilo
4,24,17,12,Tranquilo
4,24,17,13,Enojado
4,24,17,14,Asustado
4,24,17,15,Asustado
4,24,17,16,Poderoso
4,24,17,17,Enojado
4,24,17,18,Enojado
4,24,17,19,Asustado
4,24,17,20,Enojado
4,24,17,21,Asustado
4,24,17,22,Alegre
4,24,17,23,Tranquilo
4,24,17,24,Tranquilo
4,24,17,26,Alegre
4,24,17,27,Tranquilo
4,24,21,2,Poderoso
4,24,21,3,Tranquilo
4,24,21,4,Alegre
4,24,21,5,Poderoso
4,24,21,6,Poderoso
4,24,21,7,Neutral
4,24,21,9,Asustado
4,24,21,10,Tranquilo
4,24,21,11,Asustado
4,24,21,12,Asustado
4,24,21,13,Alegre
4,24,21,14,Alegre
4,24,21,15,Neutral
4,24,21,16,Tranquilo
4,24,21,17,Tranquilo
4,24,21,18,Tranquilo
4,24,21,19,Tranquilo
4,24,21,20,Poderoso
4,24,21,21,Tranquilo
4,24,21,22,Tranquilo
4,24,21,23,Poderoso
4,24,21,24,Poderoso
4,24,21,25,Poderoso
4,24,21,26,Alegre
4,24,22,2,Tranquilo
4,24,22,3,Asustado
4,24,22,4,Asustado
4,24,22,6,Asustado
4,24,22,7,Asustado
4,24,22,8,Poderoso
4,24,22,9,Asustado
4,24,22,10,Asustado
4,24,22,11,Enojado
4,24,22,12,Alegre
4,24,22,13,Poderoso
4,24,22,14,Alegre
4,24,22,15,Alegre
4,24,22,16,Poderoso
4,24,22,17,Enojado
4,24,22,18,Alegre
4,24,22,19,Alegre
4,24,22,20,Enojado
4,24,23,2,Alegre
4,24,23,3,Alegre
4,24,23,4,Poderoso
4,24,23,5,Poderoso
4,24,23,7,Tranquilo
4,24,23,8,Triste
4,24,23,9,Alegre
4,24,23,10,Alegre
4,24,23,11,Poderoso
4,24,23,12,Tranquilo
4,24,23,13,Tranquilo
4,24,23,14,Tranquilo
4,24,23,15,Asustado
4,24,23,17,Asustado
4,24,23,19,Asustado
4,24,23,20,Tranquilo
4,24,23,21,Poderoso
4,24,25,2,Neutral
4,24,25,3,Neutral
4,24,25,4,Neutral
4,24,25,5,Alegre
4,24,25,6,Asustado
